115;113;123;111;127;111;111;115;121;115;105;112;110;119;116;111;120;117;116;112;
106;105;110;104;111;110;106;106;121;121;107;106;108;112;109;112;115;111;109;104;
106;104;105;116;113;108;104;113;112;110;120;113;111;107;114;110;115;117;114;109;
112;110;113;105;132;107;115;121;114;116;105;133;110;110;117;105;106;114;105;114;
114;107;105;116;121;107;109;106;113;121;110;111;109;106;114;106;105;108;111;107;
107;118;107;105;105;105;107;119;114;107;106;115;116;112;112;109;107;109;111;108;
107;120;120;106;121;108;112;110;109;116;104;111;107;110;104;110;110;107;112;113;
106;110;108;109;112;105;115;116;119;111;107;105;111;114;107;107;106;110;113;109;
109;111;106;108;104;106;108;108;116;111;106;106;109;109;110;110;112;105;113;107;
109;106;109;120;105;107;113;112;114;110;106;121;111;117;113;114;119;104;104;104;
106;110;105;109;110;105;135;112;111;110;106;105;113;112;120;106;106;135;112;105;
105;106;111;104;117;109;105;104;114;120;117;114;108;114;114;124;111;112;114;108;
105;117;111;107;111;107;115;116;115;109;126;105;112;114;110;113;107;112;110;114;
112;117;119;116;113;108;107;116;115;114;108;110;108;111;112;120;118;109;105;110;
107;125;104;111;109;106;106;111;114;107;118;113;107;116;119;108;122;109;112;115;
113;109;109;106;108;110;113;117;105;115;106;105;106;108;112;109;110;107;106;108;
106;108;109;116;108;106;106;110;114;111;136;105;105;110;105;108;116;111;107;110;
107;106;109;112;110;107;114;119;117;105;114;121;105;105;108;107;111;131;109;106;
112;110;112;114;112;107;126;111;104;115;121;115;120;105;123;105;124;105;116;113;
116;110;121;109;104;113;133;114;113;109;112;118;126;113;125;106;111;112;107;114;
108;103;119;108;119;107;108;108;112;111;105;104;104;114;116;107;105;104;113;110;
106;104;114;105;105;107;106;121;110;107;106;116;109;113;111;105;115;106;112;111;
113;106;115;123;115;113;116;112;104;105;106;106;104;112;103;112;112;119;105;121;
107;110;110;113;109;108;110;104;109;105;105;113;105;104;112;105;113;105;110;112;
107;113;106;105;112;107;106;105;109;107;105;112;105;112;106;106;107;108;119;107;
106;114;105;107;106;113;109;115;110;107;111;104;104;108;112;109;104;104;104;105;
107;116;109;122;108;108;117;110;108;111;105;104;115;123;105;113;110;112;113;105;
114;114;123;105;108;106;106;118;104;115;108;107;124;106;107;105;106;120;105;110;
106;106;119;116;112;109;105;106;104;112;108;109;106;115;105;109;108;106;113;113;
106;106;104;111;117;112;117;113;105;115;106;114;105;115;112;107;108;105;111;114;
106;116;107;109;110;106;105;122;114;108;106;110;119;107;115;110;108;115;105;112;
107;106;116;109;111;107;106;105;108;105;108;107;106;110;110;107;110;104;105;107;
110;105;110;104;110;105;130;105;111;108;113;122;107;115;109;105;107;106;108;111;
106;108;106;113;108;106;115;115;104;104;106;115;105;109;105;108;111;105;123;114;
107;115;105;119;105;106;126;105;116;106;107;109;107;106;113;105;113;127;110;103;
108;111;104;112;107;106;104;107;111;109;116;107;109;110;108;106;113;109;113;105;
105;105;105;107;116;107;106;108;114;120;105;107;106;105;107;105;105;109;111;105;
107;106;131;106;108;106;106;112;111;113;105;111;105;104;110;107;106;109;106;111;
106;108;112;105;109;106;105;106;112;109;106;106;105;107;104;106;106;108;106;107;
106;106;104;107;105;106;104;103;104;107;106;107;104;103;106;106;110;113;105;104;
117;107;105;105;114;106;106;109;107;117;106;104;112;105;108;107;105;109;107;105;
105;105;115;104;111;106;111;112;104;107;105;104;109;104;105;107;105;105;104;106;
106;110;105;110;105;105;111;105;104;105;105;105;106;109;104;106;114;116;115;104;
111;119;113;117;105;107;107;111;111;111;106;109;109;106;105;106;106;105;104;107;
106;103;104;104;112;108;105;108;106;111;106;108;105;104;105;106;109;112;104;110;
106;104;103;104;108;106;105;104;109;112;106;104;104;106;109;107;106;107;113;113;
107;106;106;109;107;107;105;106;108;105;106;111;105;104;104;106;107;118;106;105;
107;105;106;105;111;105;110;106;111;113;108;109;106;111;110;107;107;105;105;107;
107;105;106;110;104;106;106;105;104;106;106;104;106;108;106;106;105;105;104;104;
106;106;104;110;106;106;104;111;104;107;107;105;108;104;104;107;106;105;106;107;
107;104;105;104;105;107;105;111;106;106;107;104;104;105;105;106;115;110;111;107;
105;105;104;106;106;107;105;113;115;110;106;104;105;104;105;105;104;106;109;107;
106;105;107;105;104;106;105;104;105;112;106;105;115;105;106;106;104;105;107;105;
106;104;110;104;104;106;106;105;104;105;106;106;105;105;106;109;105;105;105;105;
105;118;105;105;105;106;118;104;116;110;106;104;105;104;112;105;111;107;103;105;
106;105;105;105;110;105;106;105;105;104;105;117;104;104;106;111;104;109;105;105;
107;105;104;115;110;107;108;106;104;110;107;106;107;103;105;107;105;111;105;105;
106;105;109;117;105;106;106;107;112;106;105;111;106;111;105;107;111;107;111;106;
107;107;106;104;108;107;110;112;108;105;106;106;106;105;112;108;114;106;119;108;
106;115;105;112;115;107;106;106;116;108;107;107;106;106;109;108;119;124;119;108;
107;105;107;107;111;107;120;106;109;105;107;117;110;106;107;107;105;115;105;106;
107;106;105;115;108;107;110;109;105;108;107;106;105;116;106;107;105;106;112;106;
107;109;114;113;105;111;105;109;106;111;106;109;111;105;108;105;106;118;109;116;
107;106;105;104;109;106;125;106;108;118;107;106;106;110;118;107;129;106;109;123;
106;113;103;104;110;111;107;107;106;106;107;106;109;109;111;106;115;106;108;107;
106;106;112;108;109;106;106;112;106;110;107;107;109;106;107;107;105;111;112;106;
107;126;131;111;112;107;105;105;109;112;107;109;109;106;105;107;127;123;108;111;
107;111;110;114;118;105;106;121;115;108;110;117;106;112;121;106;110;116;110;113;
109;112;107;112;111;106;106;105;113;111;112;106;112;114;112;107;110;110;114;105;
106;107;107;129;108;109;110;115;114;104;106;107;113;115;108;106;108;113;119;107;
107;107;108;109;114;111;119;105;110;112;106;108;106;106;113;106;106;105;104;115;
105;105;105;125;113;106;106;109;114;110;108;106;106;106;109;108;112;106;110;109;
108;109;119;116;105;106;109;108;106;106;108;106;107;115;112;107;112;107;111;110;
106;115;112;106;105;106;107;107;113;114;107;106;127;109;110;106;112;108;113;105;
107;105;106;111;106;109;107;107;124;121;107;116;111;111;119;106;105;108;114;108;
105;107;105;104;110;107;109;123;115;110;107;105;117;112;109;107;106;109;113;108;
107;107;110;114;115;106;107;105;106;111;107;116;109;110;109;106;106;107;118;116;
105;106;113;112;115;107;107;122;112;119;105;107;111;116;109;108;106;104;111;108;
106;108;116;109;111;107;112;109;108;105;106;109;107;112;114;106;107;106;108;107;
106;106;106;109;106;107;106;112;112;106;107;107;117;107;107;106;108;106;108;106;
107;107;109;106;110;106;108;106;106;117;106;107;106;105;107;105;107;106;111;108;
109;105;106;111;110;107;110;106;108;105;106;105;106;112;105;106;108;106;103;104;
106;108;108;113;106;107;106;107;112;107;106;111;116;113;112;107;108;109;107;111;
110;107;107;108;107;107;106;107;107;111;106;107;106;112;105;106;107;105;104;104;
108;108;109;106;105;106;106;107;105;107;106;106;108;105;106;105;106;109;105;107;
105;105;117;104;104;105;112;105;106;104;108;105;105;113;109;106;111;105;107;111;
106;106;110;104;107;109;107;108;105;109;105;106;105;105;109;106;106;106;106;107;
105;119;116;105;105;107;107;109;105;105;106;107;106;104;106;109;108;105;114;109;
106;106;106;112;105;106;105;105;104;110;110;107;105;108;115;106;108;105;108;108;
107;105;110;110;106;106;106;109;105;108;106;104;104;105;110;107;105;106;112;106;
106;106;113;111;105;106;105;104;111;105;105;106;109;106;107;106;106;121;110;108;
106;111;104;103;111;106;104;116;105;105;110;115;120;115;110;106;118;111;113;115;
107;114;110;118;113;108;109;111;119;111;105;105;109;104;116;106;105;108;114;107;
115;107;107;112;112;110;106;105;113;110;106;108;106;110;105;108;106;120;111;114;
107;109;114;113;105;107;108;115;117;112;106;105;109;114;116;107;120;105;107;118;
111;105;104;118;110;107;110;110;120;105;109;107;111;114;111;105;109;110;118;113;
112;105;108;105;111;110;106;107;123;106;106;113;116;118;111;108;106;109;111;105;
107;127;113;113;117;106;112;110;117;117;106;105;113;110;111;107;108;111;119;114;
106;105;104;110;105;107;105;105;117;117;107;112;106;115;104;106;111;121;115;117;
105;107;105;108;112;106;106;110;104;107;105;105;110;110;104;106;107;108;116;107;
105;107;107;107;107;107;106;106;110;106;107;110;106;106;107;105;106;109;107;105;
107;106;111107;108;118;133;122;125;115;114;112;116;115;117;107;114;107;120;120;123;109;109;
121;113;107;112;125;129;111;118;125;132;109;112;111;107;120;111;108;109;110;110;
122;110;106;120;117;111;113;121;106;127;109;115;110;121;110;112;120;115;106;107;
116;112;115;113;115;114;106;110;122;112;121;110;110;114;123;114;115;117;107;120;
119;113;125;116;112;111;112;117;115;115;106;110;105;114;114;121;107;109;123;115;
119;122;113;114;117;114;106;116;106;111;116;117;105;110;108;108;110;114;114;132;
115;106;108;121;112;115;114;108;120;106;118;112;109;118;131;106;124;108;107;106;
125;118;104;119;106;136;125;116;119;113;106;115;109;110;118;105;109;134;138;121;
110;116;106;105;118;120;123;114;130;139;113;114;131;114;114;116;112;117;104;114;
122;112;115;130;115;111;107;124;114;120;115;116;106;115;110;115;114;114;106;120;
111;112;121;113;109;129;129;115;111;120;112;115;149;119;115;116;107;128;125;114;
122;112;125;112;116;112;134;137;110;123;118;124;114;115;107;114;119;117;115;114;
105;139;110;125;116;118;110;126;118;115;105;109;111;128;128;117;115;110;106;115;
118;118;111;108;107;104;111;118;119;124;114;106;105;119;114;118;117;108;126;143;
106;114;107;118;107;118;121;105;137;104;120;104;112;119;117;123;114;110;115;111;
130;105;121;131;115;119;110;106;127;121;124;126;107;115;111;105;120;119;106;106;
125;119;113;113;110;112;123;110;108;108;149;115;126;105;112;123;107;121;120;124;
122;116;111;116;120;128;109;114;106;106;112;110;112;115;108;111;116;113;120;115;
110;108;111;112;113;118;106;110;113;116;119;111;124;106;105;114;124;113;109;105;
118;120;112;121;108;112;122;117;119;111;120;105;123;104;112;125;110;125;125;109;
114;121;120;110;113;123;109;116;109;115;118;117;110;120;105;126;141;131;105;109;
106;109;122;125;116;108;106;118;105;112;120;106;124;110;106;120;122;111;107;116;
117;127;130;138;124;126;121;125;111;121;106;114;116;107;115;114;128;107;122;113;
120;113;113;106;106;105;110;109;129;106;115;120;118;112;109;137;113;117;113;118;
108;112;121;106;118;105;107;112;118;112;111;113;111;108;131;115;111;119;108;106;
114;118;107;130;106;119;110;114;113;115;109;114;126;105;111;120;115;116;117;114;
107;117;107;114;121;127;120;111;110;108;121;117;120;122;117;107;121;110;111;115;
107;122;105;129;115;121;107;111;132;117;116;115;106;124;106;112;115;115;134;112;
129;119;118;114;110;108;126;117;140;116;106;106;113;114;120;108;111;105;112;111;
120;118;107;117;125;136;112;105;116;116;106;110;121;115;106;114;106;107;111;114;
108;118;120;107;107;109;112;114;129;116;104;116;109;110;122;114;109;108;106;108;
119;110;110;110;111;113;112;125;112;121;108;109;110;107;111;129;106;105;104;125;
112;117;111;105;106;128;115;116;110;119;111;116;114;112;115;118;118;127;105;123;
107;108;110;117;113;109;109;107;117;110;111;109;109;108;107;111;110;118;106;120;
111;108;116;106;107;107;111;112;104;118;110;106;106;112;108;123;112;106;106;105;
109;106;106;106;109;121;110;108;108;106;110;120;121;114;106;110;115;121;111;121;
107;109;107;119;124;105;109;114;107;106;110;114;106;108;106;109;109;116;106;117;
106;105;112;106;107;106;115;104;119;111;107;116;133;112;113;116;106;106;106;112;
105;107;110;109;106;106;118;108;107;121;107;107;110;109;107;109;109;109;115;105;
108;106;111;106;118;106;106;108;109;106;114;107;105;106;106;108;111;109;107;112;
111;108;113;107;106;108;114;118;121;107;109;107;112;113;116;113;108;107;105;115;
110;106;106;123;130;120;114;119;106;107;108;123;116;118;107;106;128;121;115;113;
110;106;113;107;104;117;106;110;106;115;106;109;112;107;106;123;111;110;111;106;
107;110;106;113;106;106;106;109;109;116;109;105;108;117;118;115;107;106;111;115;
115;122;106;107;111;120;107;113;109;107;105;104;110;107;108;108;106;105;105;112;
109;119;109;112;110;109;108;105;112;105;110;104;107;106;106;109;110;109;106;114;
105;106;111;107;114;106;106;106;105;111;108;109;106;117;110;130;111;106;108;106;
110;107;106;106;105;110;110;106;108;113;105;109;105;107;110;107;114;109;108;106;
106;110;118;115;110;106;109;109;115;106;109;110;107;105;115;107;107;114;111;112;
108;114;107;111;106;114;106;113;114;116;107;107;106;113;105;106;107;105;106;121;
107;107;107;105;110;107;111;106;107;106;106;107;104;105;108;110;107;110;111;107;
107;110;105;112;112;112;106;105;106;108;113;118;107;105;114;114;107;106;109;107;
105;105;105;116;109;106;122;105;115;118;106;106;107;112;106;109;107;106;105;106;
106;106;107;106;114;107;105;104;107;105;107;104;105;103;106;106;104;105;104;113;
106;105;108;105;105;107;111;110;105;106;105;108;107;106;107;105;108;106;108;106;
106;106;104;107;106;105;107;106;106;109;110;108;106;104;105;107;107;111;105;108;
105;106;107;109;105;105;104;108;107;105;122;105;107;105;106;106;113;105;106;104;
107;107;105;105;109;107;108;108;105;105;107;105;109;106;104;106;104;108;106;105;
105;106;118;105;107;106;105;105;105;105;106;106;104;107;105;105;107;106;106;105;
105;106;106;105;107;107;106;107;106;105;104;104;105;107;108;107;106;106;105;106;
106;106;109;105;110;105;107;107;114;107;114;107;107;107;114;106;110;106;106;106;
109;105;112;107;107;107;108;104;111;105;107;107;114;113;105;106;107;107;107;108;
114;106;107;106;112;112;109;107;106;106;107;112;108;109;107;108;106;106;105;104;
107;108;106;105;109;105;109;107;108;107;105;109;111;106;105;108;107;106;108;106;
109;113;118;110;106;106;105;113;105;109;106;106;106;110;107;108;107;106;107;106;
106;106;107;106;106;109;118;110;111;109;112;107;106;106;110;107;107;105;105;106;
106;109;107;106;104;109;107;110;106;106;106;106;108;107;106;106;106;107;107;107;
105;105;105;107;109;107;107;108;106;107;107;105;106;104;110;105;111;107;105;105;
112;108;107;106;107;105;111;106;108;107;106;106;107;105;107;108;107;107;110;109;
107;110;105;108;112;105;109;105;106;108;112;104;105;106;107;109;107;114;108;106;
107;111;113;106;113;107;107;112;108;105;106;106;106;110;114;106;106;106;110;110;
111;108;106;109;107;108;110;114;107;107;108;113;109;105;107;108;106;107;110;111;
108;106;106;106;108;110;107;109;107;105;105;104;107;110;105;106;106;104;109;107;
111;111;110;106;110;110;106;106;107;111;108;107;108;112;107;107;107;106;107;114;
108;111;106;108;105;108;106;107;107;117;106;105;105;108;107;106;106;105;106;104;
109;106;109;107;109;105;109;106;106;107;105;109;107;105;104;108;103;105;106;108;
107;107;106;107;110;107;108;107;109;107;106;110;108;105;106;106;107;106;104;105;
104;106;109;107;107;106;108;107;106;109;109;107;110;108;107;106;106;110;107;108;
107;110;108;105;105;107;107;109;109;110;106;106;106;106;105;113;107;107;106;107;
106;111;105;110;109;109;107;105;109;107;105;106;105;109;108;107;105;106;114;119;
106;112;107;106;111;116;108;105;105;105;108;107;110;111;107;106;105;119;104;112;
105;105;106;105;108;111;109;106;105;103;111;110;106;110;105;105;105;108;108;107;
105;106;105;106;106;107;107;105;108;106;106;105;105;106;104;107;110;106;105;105;
109;105;108;110;107;106;108;106;110;108;106;107;108;109;107;108;114;106;115;106;
107;108;106;106;104;106;107;108;106;106;104;106;107;106;107;106;112;106;108;106;
106;118;110;108;108;112;108;109;106;107;107;109;107;113;111;109;107;110;106;106;
108;108;108;105;104;105;112;105;112;107;107;106;105;107;106;105;105;109;109;112;
106;109;107;107;106;108;107;108;107;110;110;106;107;111;106;106;105;106;106;109;
107;105;108;106;110;106;106;108;109;108;106;107;107;106;106;107;111;108;109;107;
106;105;108;106;109;114;113;109;111;107;107;120;107;107;105;106;108;106;109;119;
108;106;108;105;105;113;107;106;107;108;105;107;107;109;106;104;106;107;107;107;
108;114;108;107;106;105;108;108;106;106;106;107;106;108;107;111;107;105;106;108;
104;108;109;107;107;112;105;112;106;106;107;104;106;105;106;106;105;103;106;109;
108;109;105;105;106;104;107;106;111;115;109;116;107;106;111;115;108;110;108;106;
107;120;105;111;110;107;105;105;108;106;109;106;105;114;105;109;111;107;106;110;
105;111;108;107;107;106;108;107;106;108;110;113;104;112;107;107;107;115;110;107;
107;106;109;105;107;106;107;106;106;116;108;111;107;107;117;105;105;105;107;107;
111;127;106;114;111;107;127;117;105;114;110;113;106;120;116;104;108;106;108;105;
104;113;116;111;112;109;107;105;108;106;115;111;107;107;108;107;106;105;107;105;
106;108;104;111;105;117;107;106;105;104;105;118;106;108;107;107;105;112;111;106;
111;122;105;114;107;107;108;107;126;115;106;106;105;105;110;110;106;106;111;106;
110;106;108110;118;113;123;140;147;145;106;112;111;129;135;142;144;108;126;108;133;113;110;
116;117;107;117;111;108;111;109;116;105;119;106;115;109;116;107;121;118;105;115;
123;107;137;116;116;125;116;122;131;111;108;121;114;113;117;106;134;126;129;131;
125;116;122;112;120;131;140;112;108;118;107;105;111;116;113;122;114;126;125;114;
125;110;117;112;109;135;119;126;124;120;115;105;105;107;121;117;124;123;106;106;
110;111;126;121;124;107;135;108;117;118;119;131;106;125;125;116;118;113;122;107;
107;114;124;107;136;109;107;109;135;109;116;125;124;142;123;123;121;109;114;111;
126;136;120;111;124;111;114;106;105;123;126;106;110;103;136;114;117;111;122;124;
121;113;104;105;106;110;113;123;110;109;117;116;111;110;110;137;110;115;117;115;
120;114;117;120;116;114;108;122;119;125;137;105;115;120;125;134;130;112;114;113;
114;109;109;108;108;117;136;108;123;114;106;122;109;123;129;116;125;106;105;119;
106;126;111;116;105;152;113;125;120;120;115;150;127;119;132;110;125;110;107;126;
126;131;122;138;141;119;106;110;110;117;110;119;110;132;112;123;112;123;124;111;
112;105;106;113;113;124;116;115;116;116;112;125;115;109;123;127;129;106;108;118;
106;104;124;130;126;122;107;106;111;127;122;130;114;104;136;121;122;126;118;108;
159;107;106;114;110;120;124;112;114;126;111;107;116;111;108;106;117;118;118;113;
115;115;119;115;112;116;120;114;116;106;128;110;116;106;126;113;111;141;115;113;
124;122;114;114;137;117;113;121;125;112;107;109;112;109;126;112;111;106;112;114;
104;111;114;113;106;107;113;112;112;114;106;128;105;109;114;114;112;121;123;129;
104;124;120;114;120;107;119;123;136;124;119;109;107;113;116;128;112;110;122;118;
111;120;122;114;114;108;116;111;111;131;116;110;109;106;105;118;119;116;112;106;
120;156;145;115;131;136;150;124;123;108;114;127;124;109;111;134;126;107;115;114;
121;123;117;120;123;125;118;118;116;108;115;126;111;123;116;106;108;106;139;122;
110;119;108;113;109;124;122;114;113;106;145;119;127;120;119;121;107;112;111;106;
115;121;113;128;105;138;117;114;143;149;125;142;116;120;122;114;114;113;127;107;
107;114;114;107;107;123;108;117;128;120;117;107;109;130;121;118;122;123;113;107;
112;137;115;111;115;115;113;127;116;122;112;114;111;106;116;121;121;121;122;118;
118;129;153;112;114;122;128;126;128;130;120;111;105;112;115;114;117;117;114;114;
108;118;119;128;132;132;129;106;115;123;113;125;124;124;124;105;117;107;112;110;
113;119;116;104;119;126;120;119;125;134;142;112;115;110;117;108;106;118;118;127;
127;120;110;139;128;107;118;119;119;108;122;113;157;128;126;126;107;114;117;142;
116;124;125;120;113;133;107;112;112;111;120;113;112;123;109;121;108;112;110;119;
115;110;119;120;130;108;106;126;126;123;123;112;106;116;114;117;121;121;109;120;
146;112;112;110;113;136;128;113;121;121;125;115;108;108;108;106;110;140;144;107;
113;106;117;121;112;114;109;107;122;106;113;113;114;112;106;115;115;110;113;115;
114;129;117;106;115;109;111;106;124;106;123;122;117;112;107;104;124;114;120;107;
115;113;109;140;129;111;111;117;123;113;131;106;109;116;108;106;106;114;135;112;
112;111;124;146;112;115;118;116;114;106;114;115;112;121;118;123;120;105;113;112;
121;104;105;111;137;110;111;109;114;156;114;109;121;113;113;120;105;108;114;117;
111;113;123;110;116;128;113;155;110;121;108;126;122;119;129;126;120;109;122;129;
128;118;120;115;114;113;124;112;133;121;116;111;106;107;124;114;120;119;132;113;
125;106;123;129;126;119;107;108;105;108;119;121;117;129;108;142;114;118;124;123;
111;114;131;120;120;124;120;107;106;114;116;110;115;119;106;107;107;143;128;122;
118;111;116;124;118;112;117;114;108;110;116;137;109;114;126;108;114;108;107;117;
125;114;107;114;114;121;115;111;113;108;115;108;112;114;113;112;115;105;120;141;
111;114;115;112;106;106;119;105;114;114;120;125;105;115;110;114;114;111;133;133;
114;127;110;110;105;110;110;108;114;116;116;106;117;120;122;108;115;116;106;108;
108;116;115;111;119;106;107;106;124;110;108;122;106;105;105;103;114;113;118;107;
106;120;122;120;131;120;107;134;113;129;104;117;114;107;125;106;139;125;114;115;
108;108;122;120;127;115;111;106;120;137;124;129;114;107;107;109;111;121;123;112;
123;111;106;118;105;110;110;110;107;112;126;117;113;113;114;107;107;107;118;118;
113;124;112;107;127;116;111;114;113;106;105;106;112;116;112;121;105;127;108;117;
122;123;110;105;106;123;107;110;105;117;108;105;105;107;112;120;105;107;126;124;
127;111;112;107;106;117;117;128;117;134;115;107;123;112;123;121;121;115;110;109;
114;119;110;119;119;106;122;105;110;119;118;112;108;104;104;128;112;111;116;108;
109;110;120;116;115;108;109;110;121;118;108;125;130;107;129;130;117;124;117;155;
111;108;116;138;122;110;120;108;112;114;118;134;130;118;106;130;137;115;119;119;
120;107;111;114;133;105;112;122;107;106;107;123;121;112;118;109;116;118;115;125;
124;114;109;110;117;106;113;118;114;109;104;110;111;108;110;111;106;107;126;130;
131;134;109;107;107;118;117;111;111;126;106;107;111;116;112;105;105;106;107;108;
116;105;112;108;108;113;106;105;103;122;113;106;105;134;119;130;120;110;105;104;
104;141;109;122;119;109;106;128;137;103;112;124;107;108;110;120;132;106;116;107;
105;118;111;115;104;143;112;107;110;135;120;113;113;108;125;109;125;120;121;111;
110;115;107;115;127;119;103;106;125;123;105;123;113;110;106;121;117;130;112;129;
125;107;118;121;121;118;122;115;106;108;130;129;117;125;107;106;114;113;115;122;
119;117;107;125;108;116;117;122;147;109;108;113;106;113;125;110;106;104;122;122;
113;116;105;109;110;115;111;117;135;117;106;108;124;125;112;114;105;106;106;118;
109;106;115;110;106;119;112;127;104;112;115;107;108;124;111;108;120;115;107;114;
118;119;119;110;121;106;121;130;129;142;106;107;107;118;128;123;131;114;108;107;
106;114;124;128;133;124;115;126;120;116;120;113;126;107;107;105;110;104;112;108;
106;105;113;109;128;116;114;108;119;112;114;117;119;113;106;115;122;125;122;114;
112;107;115;113;119;118;120;123;105;107;112;126;126;111;116;108;113;117;120;130;
134;131;110;107;107;106;114;119;129;107;107;115;105;112;114;116;109;112;107;112;
112;105;113;105;139;105;108;114;121;105;106;125;119;105;117;116;114;106;106;112;
115;113;110;117;106;110;107;110;122;118;113;106;106;104;126;104;126;122;106;107;
105;147;105;120;127;107;107;108;124;105;109;110;106;107;108;114;111;131;121;106;
106;107;117;114;111;119;105;117;108;104;115;105;121;106;109;109;117;115;113;109;
105;107;109;116;111;111;116;109;137;106;127;135;108;122;107;116;135;112;122;105;
116;106;107;116;134;125;109;120;105;122;136;117;118;127;111;106;120;143;110;112;
110;118;105;108;111;114;116;112;116;106;106;130;111;114;115;122;110;105;149;105;
109;113;119;105;124;114;111;114;118;110;104;106;108;121;115;113;118;105;129;106;
114;126;144;106;104;124;105;128;115;114;113;107;113;127;125;136;115;125;112;105;
124;129;129;112;119;112;108;106;119;129;114;105;113;107;126;105;128;127;109;110;
115;124;118;116;125;106;113;134;106;131;110;111;120;112;119;131;105;127;119;119;
109;105;111;126;114;123;120;120;118;105;109;135;105;108;115;104;135;112;120;128;
124;125;107;146;122;116;117;109;113;106;130;106;117;118;123;119;112;106;113;116;
119;124;120;148;112;116;120;115;116;124;106;111;173;123;127;134;126;126;124;104;
133;137;115;125;118;112;112;116;122;122;126;127;141;128;115;115;114;119;113;122;
134;116;113;114;115;106;115;140;113;116;123;123;121;110;124;112;115;115;114;107;
113;114;112;117;121;112;108;114;125;127;116;105;112;131;108;117;137;114;126;120;
113;110;110;111;121;126;124;113;114;158;105;127;149;144;130;126;112;119;115;109;
119;104;112;131;115;119;105;109;107;124;112;130;115;106;112;116;112;113;122;121;
110;120;130;109;108;117;121;129;112;107;114;115;119;115;115;123;133;111;114;115;
115;113;105;106;112;112;121;116;124;122;108;108;112;125;121;114;109;126;113;128;
111;110;114;112;106;106;116;121;121;109;110;108;118;172;117;132;119;112;129;124;
112;121;127;135;136;106;131;106;105;124;124;129;107;112;129;135;119;119;112;120;
105;105;105;115;115;119;105;106;136;109;108;116;136;116;117;132;121;105;108;106;
106;140;113;122;119;118;114;109;138;119;116;126;111;116;112;126;126;112;118;117;
117;113;108;118;124;118;116;112;111;110;107;110;113;115;105;106;123;126;118;122;
120;113;114;112;106;114;112;120;131;110;105;131;115;119;110;114;127;114;127;111;
119;120;149;106;116;130;143;126;124;115;129;119;107;115;116;128;108;106;105;134;
121;109;107;115;150;104;124;121;121;113;106;111;105;119;105;117;123;122;112;112;
127;112;115;112;112;115;112;134;121;121;113;112;105;111;119;120;131;123;113;110;
127;125;107;111;115;119;108;107;126;112;119;116;111;106;109;107;112;124;127;123;
126;107;106;130;119;115;119;106;106;108;130;119;120;127;107;120;115;129;116;125;
112;120;114;117;110;121;114;111;127;106;160;108;112;117;126;107;148;118;120;115;
109;120;124;113;123;139;109;114;106;140;106;120;107;122;132;115;104;119;112;123;
111;110;118;106;117;107;115;118;119;121;107;111;128;121;125;115;123;107;108;157;
117;134;137;128;108;137;105;117;108;115;126;109;108;117;108;114;113;113;112;112;
126;115;118;109;110;128;116;121;116;111;120;110;107;106;110;125;112;112;111;137;
109;126;120;110;121;112;107;129;112;137;126;118;127;106;105;111;111;115;111;107;
111;117;109;114;123;119;121;138;110;141;111;122;125;126;126;107;128;131;115;108;
111;107;106;133;105;116;116;123;135;116;111;112;114;120;114;124;134;116;133;125;
125;122;108;126;109;108;118;114;115;121;120;117;112;115;120;126;113;121;130;113;
110;110;124;109;108;135;126;117;125;116;120;118;156;110;125;122;109;106;106;124;
125;129;125;120;111;106;122;122;129;148;157;106;125;110;117;129;136;137;106;107;
106;130;140;118;109;107;112;128;118;120;109;117;107;131;116;113;121;116;111;108;
106;139;112;116;119;123;107;113;116;128;112;104;117;107;120;118;109;117;113;122;
109;104;107;112;122;104;115;106;119;108;108;108;108;114;107;137;116;111;122;109;
113;107;106;108;117;115;124;111;107;105;108;114;115;120;108;106;106;113;113;109;
113;113;107;126;105;117;131;109;119;107;106;108;118;108;110;116;107;114;109;114;
128;108;108;107;105;112;108;113;116;113;109;106;110;106;111;122;111;107;106;129;
106;121;115;108;107;106;106;107;111;118;122;107;105;113;106;104;115;114;110;111;
105;105;110;110;105;105;107;105;111;105;111;119;105;106;108;125;106;104;105;110;
110;145;104;114;116;115;108;109;105;125;106;113;109;108;107;110;118;120;107;113;
106;108;105;106;116;112;105;108;107;112;107;105;115;119;108;107;105;110;113;111;
112;106;106;106;104;105;105;105;106;112;108;111;104;104;118;109;106;127;108;108;
111;105;107;107;107;106;109;114;108;109;107;113;106;105;105;117;108;106;105;105;
122;113;123;107;106;120;109;121;117;124;114;108;109;106;127;105;114;108;106;107;
112;106;113;106;107;106;105;112;106;116;107;106;112;113;116;118;104;123;107;106;
112;111;115;110;111;107;110;106;106;111;105;118;105;106;113;106;106;112;111;105;
108;106;105;107;104;107;107;104;108;109;108;104;107;106;107;114;109;104;112;106;
106;106;105;112;132;109;117;106;107;105;105;121;116;114;106;111;109;106;106;106;
105;107;106;105;107;107;114;110;107;108;114;114;116;105;113;106;107;106;108;113;
122;116;107;106;106;126;105;111;107;109;107;119;121;107;110;114;108;107;108;121;
104;111;105;107;108;105;105;123;116;111;107;108;106;105;117;116;116;108;108;105;
105;114;108;113;106;106;111;105;106;105;118;107;107;105;111;105;113;105;107;109;
106;113;104;114;110;106;105;106;110;105;116;111;112;106;110;110;110;110;104;107;
105;110;111;106;118;112;107;105;105;105;114;106;108;106;107;106;110;105;106;105;
106;107;106;105;111;107;105;107;108;111;106;109;104;106;108;107;106;107;106;113;
106;108;105;106;112;106;106;106;106;105;114;104;104;113;104;104;107;106;116;120;
106;113;106;108;105;104;106;104;106;106;106;110;104;105;103;111;106;107;111;110;
116;103;106;107;105;104;117;103;113;113;105;105;105;103;112;104;111;106;106;108;
114;108;104;105;105;106;108;105;105;105;112;105;109;111;106;105;104;104;107;106;
108;112;105;114;105;105;105;105;113;110;119;110;108;106;111;111;104;115;112;105;
105;107;109;107;108;105;106;104;116;113;119;105;111;105;109;107;110;111;108;110;
106;105;107;112;105;113;106;106;105;108;108;106;105;105;107;106;107;108;105;104;
105;106;107;107;107;106;120;109;106;106;116;116;106;112;113;107;105;106;113;103;
113;106;107;106;106;111;106;113;106;106;105;105;104;110;107;110;107;106;113;114;
106;112;105;106;105;105;105;120;104;106;106;105;105;108;108;107;104;106;107;106;
120;106;117;111;105;106;107;110;114;109;108;106;106;110;114;121;104;109;106;106;
106;114;107;113;104;106;106;105;116;105;104;106;106;104;106;110;104;112;112;105;
106;105;106;109;104;110;106;104;106;105;119;113;118;106;107;112;113;113;105;110;
106;105;112;117;104;109;113;106;105;118;130;106;117;115;106;105;106;106;103;115;
106;106;105;112;114;131;114;106;106;105;114;122;122;106;120;106;105;106;107;111;
115;118;106;106;107;114;118;107;117;106;106;105;106;118;110;109;106;110;106;108;
110;112;111;108;106;105;116;110;112;110;108;105;111;106;106;113;117;105;107;107;
106;112;108;106;106;106;109;117;111;110;106;105;105;115;106;130;119;129;107;109;
105;105;107;107;116;107;106;106;105;105;109;107;106;107;106;115;112;105;104;106;
107;106;108;110;106;107;106;105;110;112;111;106;113;106;110;106;111;120;110;115;
105;104;118;105;116;108;111;106;109;113;104;110;111;122;105;108;107;105;108;110;
112;107;107;112;105;106;105;110;106;108;106;104;124;113;109;105;106;109;107;105;
108;113;107;107;106;105;104;109;104;106;106;105;105;104;114;105;106;108;106;110;
108;104;111;106;108;111;108;110;105;114;106;107;105;106;109;104;104;106;106;118;
105;118;104;113;106;106;112;116;105;110;106;106;106;105;112;106;112;112;107;107;
106;108;104;109;107;107;106;107;106;105;109;106;107;106;105;107;108;109;105;107;
111;108;107;107;108;109;107;105;113;110;111;111;108;107;106;106;109;118;109;111;
107;106;113;111;104;110;110;106;113;107;105;105;111;106;106;105;106;105;113;104;
105;106;106;104;109;109;109;106;106;106;111;105;109;105;105;108;106;107;106;104;
110;104;105;106;106;110;104;113;106;106;106;105;112;120;105;106;109;112;107;106;
114;106;110;106;106;107;104;104;107;109;106;105;107;106;105;111;106;107;110;105;
108;105;106;108;106;106;105;105;105;104;108;106;105;105;117;105;110;106;106;112;
105;106;114;105;106;105;105;106;114;104;106;109;109;106;106;105;103;104;113;106;
106;106;104;119;104;105;106;106;106;105;105;104;105;106;108;106;109;115;108;106;
106;106;106;106;105;105;109;110;106;106;105;108;105;106;109;106;106;109;110;116;
108;106;106;104;104;107;110;106;105;104;106;116;103;110;109;108;106;105;104;105;
107;111;105;106;106;105;105;105;105;106;106;105;113;104;104;105;106;106;106;105;
110;106;110;105;105;105;104;110;114;108;106;106;110;105;114;107;113;106;106;105;
106;105;107;105;107;106;107;110;108;115;105;106;106;108;118;114;120;111;106;105;
105;104;108;108;107;106;109;107;116;107;113;110;107;105;105;105;108;105;105;108;
107;105;108;108;113;108;107;105;106;108;113;119;110;106;105;109;113;105;114;111;
106;106;105;109;118;107;105;106;105;106;106;107;113;107;116;113;106;107;115;109;
106;107;118;109;108;106;108;114;106;106;108;105;105;104;110;108;113;106;110;112;
116;106;107;106;110;108;107;111;108;105;106;108;109;107;112;112;109;106;106;110;
108;107;107;105;107;111;107;106;107;111;106;107;115;113;105;109;108;106;105;113;
118;106;112;109;106;108;107;106;109;105;114;109;106;113;105;104;111;107;109;107;
108;108;108;103;115;106;106;107;107;104;107;107;106;108;109;105;105;105;105;107;
105;105;105;112;107;112;106;109;111;105;107;109;104;110;107;106;110;112;114;108;
106;107;106;104;107;107;111;106;106;105;105;105;106;108;106;105;108;106;105;106;
110;107;106;106;106;114;114;106;106;106;107;106;106;106;106;106;106;108;107;105;
104;111;108;106;106;111;106;109;104;108;106;107;110;106;107;106;106;108;112;116;
105;107;107;110;106;110;107;106;112;105;106;106;110;115;107;107;112;107;106;109;
115;111;107;108;107;114;107;109;109;114;105;107;106;109;106;105;112;107;106;109;
109;106;105;112;104;105;109;106;119;110;110;118;106;106;109;107;108;105;104;109;
107;106;109;109;108;112;106;108;108;105;105;106;120;106;106;106;118;104;107;118;
105;106;107;117;112;106;114;106;106;108;105;104;111;109;106;106;109;107;103;105;
106;106;106;109;109;107;106;109;108;106;109;106;111;106;111;106;108;107;105;104;
109;105;109;106;106;105;104;105;111;106;104;106;111;110;123;108;107;105;107;105;
104;109;104;106;106;105;106;110;119;113;109;106;106;105;105;104;105;108;106;106;
106;105;104;105;111;105;106;107;106;114;105;106;105;106;106;106;108;106;105;106;
112;106;107;111;108;107;106;107;122;105;113;106;107;106;105;105;120;108;112;109;
106;106;115;111;110;105;108;109;106;109;107;108;109;106;105;105;108;106;105;111;
106;106;108;105;109;10109;136;134;124;128;129;132;132;107;134;119;130;134;126;121;129;135;126;136;119;
123;118;132;133;117;131;123;132;135;128;113;119;107;122;127;131;128;127;131;125;
138;112;116;129;127;134;137;137;133;131;157;127;173;141;153;124;113;140;120;127;
125;125;133;126;107;133;123;123;135;141;144;151;106;111;117;111;127;113;120;123;
106;111;137;125;133;132;132;121;116;111;123;114;115;118;115;122;159;117;106;114;
116;111;115;116;108;123;105;130;120;122;123;117;113;119;140;116;122;143;122;124;
115;110;114;123;126;122;125;126;118;124;138;131;124;132;144;128;120;111;132;130;
111;119;121;128;117;131;121;117;119;118;121;120;106;107;104;121;116;115;122;122;
106;104;106;126;110;120;117;116;129;114;131;115;119;123;120;122;107;106;126;131;
139;113;113;113;129;131;135;114;114;114;116;114;113;106;123;114;107;116;113;112;
108;137;107;124;122;125;130;132;114;113;129;120;116;118;122;121;106;121;113;129;
116;129;109;109;106;119;114;127;121;124;131;130;107;115;120;115;105;117;115;114;
111;109;108;118;113;113;108;109;108;135;122;120;106;131;136;132;106;116;135;117;
124;126;122;126;111;121;112;112;112;112;120;120;118;126;117;130;130;108;115;106;
106;110;125;130;141;113;105;124;106;119;117;106;118;118;118;106;109;105;116;109;
119;115;115;121;106;105;118;113;108;108;111;105;107;108;106;106;111;105;104;116;
106;126;123;119;117;118;114;116;107;106;139;118;128;111;116;108;107;107;124;127;
134;133;163;152;108;145;110;113;115;114;112;115;107;110;122;119;122;116;105;120;
107;106;106;107;108;125;107;108;106;111;132;110;121;120;119;115;106;107;107;115;
114;120;118;115;110;109;114;106;126;108;138;116;108;106;128;131;112;128;132;126;
107;115;115;128;136;109;116;109;106;115;137;133;118;125;133;135;107;123;105;117;
117;119;109;111;105;128;137;143;109;113;120;110;106;109;111;114;113;118;114;120;
109;106;123;108;130;117;112;113;107;112;109;105;106;121;108;109;106;108;115;112;
108;117;116;114;105;105;113;123;107;113;122;117;113;106;138;140;114;133;110;127;
107;107;112;121;129;138;136;120;110;152;105;116;119;122;112;113;113;106;110;110;
105;120;125;130;106;121;138;124;105;110;125;117;107;120;121;124;121;111;111;118;
106;110;123;117;125;114;111;115;112;116;127;125;128;117;116;115;108;107;111;128;
120;133;114;110;106;116;105;107;117;126;124;123;106;120;106;107;117;108;109;118;
107;106;105;107;130;129;128;113;107;110;113;111;114;114;117;115;106;105;114;108;
116;114;109;114;106;138;154;125;116;105;120;115;111;104;131;105;108;124;112;110;
106;107;112;118;133;116;122;132;106;132;118;108;113;115;113;108;108;105;114;117;
115;112;104;110;106;110;108;118;128;115;119;109;112;105;109;113;117;127;135;136;
110;110;116;110;116;121;121;122;107;110;105;106;105;111;120;120;117;124;109;110;
110;112;112;114;107;123;134;116;123;111;113;111;114;128;126;113;114;116;113;111;
107;106;116;129;132;105;124;125;107;120;130;119;122;109;112;116;106;117;116;115;
121;120;114;120;106;135;109;116;124;120;114;112;109;111;124;127;115;114;115;117;
109;112;118;121;132;121;111;110;106;106;112;112;124;124;121;105;106;113;131;133;
117;121;117;128;106;136;117;120;127;124;132;125;106;117;120;121;124;116;119;117;
107;109;114;104;114;131;124;117;110;112;104;125;110;105;111;118;108;137;139;109;
130;122;155;155;106;137;123;109;124;113;110;118;116;107;116;126;126;106;149;115;
106;106;133;113;120;111;119;108;106;113;136;139;117;142;121;117;106;113;129;128;
128;133;136;135;106;138;117;119;122;129;123;127;105;123;118;121;123;120;127;122;
113;140;114;110;127;114;118;110;107;117;132;113;129;117;119;118;106;114;114;122;
114;108;127;116;108;113;115;116;139;118;121;122;105;106;111;114;123;122;130;122;
109;106;127;117;126;126;135;144;108;111;113;122;118;123;107;113;105;114;153;111;
104;125;124;112;112;117;111;112;119;109;114;114;105;115;120;105;144;124;122;126;
123;129;128;138;107;134;110;123;107;111;154;128;126;126;112;116;117;107;128;128;
140;128;132;143;113;131;111;112;114;123;124;134;119;123;110;130;121;123;134;131;
114;118;109;111;138;119;117;115;111;141;105;110;122;109;113;121;114;128;105;157;
138;122;121;128;111;123;128;119;135;143;125;136;125;129;105;133;129;116;120;134;
122;106;132;129;146;122;117;117;116;124;112;115;122;139;141;143;141;108;117;150;
125;114;124;124;135;107;115;116;115;114;127;117;113;137;114;105;137;124;126;133;
117;111;105;128;121;111;120;124;128;114;130;107;114;114;131;113;118;147;138;115;
114;126;118;118;119;111;145;123;112;128;125;127;126;124;122;144;134;118;112;108;
106;108;105;105;117;122;132;133;131;125;141;123;109;109;109;111;113;111;113;120;
112;119;120;127;118;118;118;122;128;131;112;124;119;106;112;115;123;137;134;133;
136;106;166;130;110;112;120;138;149;129;112;136;145;115;133;111;112;142;170;140;
117;129;135;122;110;139;110;137;115;127;124;127;123;107;117;114;121;117;135;123;
128;120;140;108;120;120;120;123;113;115;110;124;114;120;121;114;130;107;128;138;
107;125;115;119;115;115;109;124;120;126;126;119;110;110;122;121;122;107;116;112;
108;105;127;126;117;122;122;128;136;139;134;134;137;132;138;133;135;108;114;132;
117;126;133;130;133;125;143;121;130;121;118;115;116;106;104;109;104;114;119;129;
118;107;106;116;123;117;111;110;111;151;125;134;107;113;116;115;120;122;131;125;
138;118;109;105;122;123;120;120;134;129;134;141;112;107;126;117;132;127;127;163;
166;141;119;133;122;134;118;107;112;130;129;127;128;132;130;115;111;111;125;126;
132;141;125;151;127;111;127;108;104;112;115;121;127;108;107;110;129;126;112;113;
108;107;113;106;110;114;124;131;132;124;123;151;111;120;123;123;122;116;118;123;
142;122;110;121;124;111;111;125;122;114;112;117;115;118;120;133;105;113;113;112;
111;118;129;129;134;137;136;110;120;113;114;134;138;107;117;122;121;138;109;144;
129;136;122;123;122;108;123;115;116;123;125;121;124;133;123;111;126;114;116;111;
117;114;105;130;120;122;123;125;113;117;120;106;120;123;126;122;124;124;128;130;
111;126;122;126;123;113;121;123;116;144;140;147;149;106;110;112;144;110;118;115;
106;106;135;115;121;116;125;118;122;131;110;136;106;124;111;114;124;128;140;117;
121;111;119;114;115;123;126;148;133;123;133;134;132;121;114;125;119;125;116;113;
122;111;119;125;143;124;135;136;129;107;133;130;119;127;120;152;152;106;116;127;
128;122;127;109;105;109;131;121;120;126;115;114;116;146;136;115;150;153;121;104;
115;148;112;124;133;130;138;143;125;105;125;114;124;122;111;121;127;108;106;153;
121;118;124;117;117;106;126;116;115;124;114;125;115;125;107;113;113;122;128;125;
135;134;108;106;104;105;113;113;121;116;127;126;147;126;115;115;112;110;108;126;
110;132;126;126;112;126;111;120;120;112;122;122;126;108;128;129;107;130;106;107;
112;116;151;137;127;127;137;134;132;112;138;131;131;126;126;118;109;126;106;127;
123;133;147;137;141;130;138;122;121;131;109;119;126;107;106;129;119;115;120;112;
125;107;126;124;141;137;150;143;125;106;109;116;112;119;126;128;127;109;109;109;
134;112;125;130;134;110;137;104;114;119;105;108;106;134;106;129;129;105;118;114;
118;131;126;127;127;126;115;118;116;146;117;138;150;149;141;137;138;115;122;123;
115;127;127;135;123;108;141;106;118;143;137;146;145;106;126;114;137;127;136;127;
134;106;124;112;123;113;115;125;122;108;106;137;134;117;132;112;106;106;105;118;
118;115;120;119;117;107;111;110;117;107;123;129;138;107;117;125;118;114;119;115;
115;107;106;113;117;113;109;115;128;108;105;106;110;105;104;111;137;106;106;104;
108;119;122;127;118;109;113;117;107;109;112;113;117;106;106;114;118;124;118;124;
116;106;118;108;117;125;112;115;113;107;114;130;146;105;109;116;109;108;107;113;
113;120;114;118;111;108;109;111;116;129;111;115;115;105;105;112;112;109;116;115;
116;110;108;108;114;119;113;110;117;109;106;117;107;115;109;118;112;108;109;105;
109;122;119;115;114;107;104;108;104;123;113;115;109;105;109;106;105;105;132;115;
106;107;106;105;108;121;114;116;119;108;106;107;108;113;109;113;106;109;105;105;
107;117;109;116;117;106;105;111;105;108;110;105;116;106;105;111;107;109;112;112;
111;106;104;106;111;106;104;112;105;106;105;107;122;112;104;111;117;106;105;105;
115;117;133;104;110;106;115;106;116;111;115;115;109;107;106;106;129;111;114;112;
105;106;106;106;104;123;133;116;117;107;106;106;107;113;109;117;120;107;106;108;
106;121;115;113;114;107;106;105;104;106;120;111;117;106;105;107;111;109;112;104;
117;109;106;109;105;104;113;104;121;108;105;107;106;114;104;113;111;107;105;108;
112;105;105;110;114;107;105;115;105;104;105;105;114;110;105;105;105;122;111;111;
112;106;106;105;109;106;112;106;112;109;107;106;108;116;110;114;109;107;107;105;
112;104;105;112;106;105;105;105;106;117;112;115;107;105;105;106;127;109;117;115;
106;106;105;107;115;110;104;115;111;106;105;106;106;122;118;125;112;106;106;107;
106;105;109;104;120;107;105;106;106;112;117;104;114;108;106;107;105;111;108;114;
106;106;107;107;108;106;104;108;115;107;106;107;105;104;111;106;106;107;106;106;
134;119;106;111;107;106;106;105;104;106;111;116;113;106;106;106;106;109;118;105;
110;109;104;105;105;105;132;112;115;107;105;107;124;110;109;116;107;105;106;106;
112;113;112;112;114;106;106;106;107;131;107;111;109;106;106;106;106;106;121;105;
110;107;105;107;122;123;108;115;108;106;105;105;110;106;112;116;106;106;105;107;
115;107;114;113;114;107;105;105;114;104;104;113;111;106;107;106;106;105;104;122;
114;106;109;106;127;105;109;113;107;105;105;106;104;104;105;104;106;106;105;106;
110;105;125;104;121;105;106;106;111;107;111;116;111;106;106;106;115;117;115;115;
115;107;106;111;116;111;113;117;117;108;106;106;105;103;105;104;115;105;106;106;
105;105;121;116;110;107;105;105;105;106;105;111;108;106;105;105;105;104;111;122;
113;107;106;106;108;105;112;107;107;109;107;109;113;106;110;109;110;106;105;107;
107;107;115;106;105;111;106;106;106;105;104;104;104;105;106;106;106;106;116;106;
111;109;105;105;106;106;108;106;105;106;110;106;105;106;105;106;106;107;105;105;
106;105;114;105;106;106;105;105;107;106;113;106;105;106;106;106;105;110;107;107;
111;107;106;106;106;126;114;107;110;106;105;107;106;117;107;104;110;107;106;106;
104;119;105;111;112;106;106;105;105;133;108;118;111;105;106;106;108;105;107;112;
111;105;106;106;129;120;109;115;113;107;106;106;114;137;129;104;108;105;111;106;
106;104;104;117;110;106;105;106;110;121;105;115;123;109;106;107;114;119;106;107;
112;106;105;108;106;110;108;119;112;107;106;106;106;110;111;111;104;106;105;105;
121;105;113;113;117;106;106;109;105;107;118;107;117;106;105;106;106;105;105;112;
111;106;112;108;106;105;105;114;105;105;105;105;114;114;104;105;114;106;104;105;
106;105;108;112;110;106;106;106;106;105;105;116;107;106;105;106;108;106;127;115;
108;107;105;107;109;106;121;116;105;111;105;106;105;111;112;112;108;109;106;107;
108;107;116;114;119;106;106;106;112;105;123;111;109;105;108;106;109;118;117;110;
106;107;105;106;106;109;114;107;107;106;106;106;106;110;107;116;127;106;106;106;
105;105;118;105;113;105;106;106;106;111;117;104;111;111;105;106;106;114;124;104;
114;106;107;105;106;105;106;114;105;107;105;105;107;110;109;110;113;106;106;106;
107;105;106;105;106;105;104;106;107;104;106;113;114;109;106;106;109;105;115;111;
104;105;105;108;107;109;104;106;108;106;107;108;106;107;108;105;112;109;105;106;
108;109;112;106;105;106;105;106;105;110;105;116;109;105;106;110;107;108;110;106;
105;108;107;105;106;105;110;107;106;105;105;106;108;105;105;111;108;106;106;108;
106;105;112;110;113;106;106;106;106;109;109;108;110;106;105;106;105;105;109;108;
110;108;105;106;107;114;121;112;120;109;112;107;107;107;114;109;113;105;105;106;
106;105;104;108;111;106;104;107;107;126;114;107;114;107;106;106;107;113;124;106;
115;107;105;106;106;105;113;105;115;105;106;106;106;105;105;106;112;107;105;106;
106;106;114;105;111;106;104;105;108;106;105;107;111;108;106;110;106;106;113;116;
112;105;105;106;108;105;105;119;106;105;105;105;107;112;116;106;106;105;105;106;
110;109;105;106;106;105;107;108;105;105;105;113;112;108;105;105;108;106;111;111;
111;105;106;105;106;104;106;110;112;106;105;106;109;111;106;111;107;106;109;106;
106;105;104;105;104;107;104;106;107;110;108;104;111;105;106;106;107;114;110;109;
109;106;106;109;111;105;105;108;109;108;106;106;106;106;112;106;113;108;107;106;
107;105;114;118;111;105;106;114;107;105;106;110;111;105;106;106;107;110;111;115;
114;105;105;106;109;106;108;109;106;105;108;111;105;105;105;113;105;106;105;105;
108;106;105;106;108;106;106;106;108;107;114;108;105;106;106;106;107;105;105;113;
120;107;105;107;110;112;107;111;106;107;108;107;106;110;105;106;105;105;105;105;
106;106;104;104;108;105;105;106;106;107;106;107;106;105;110;106;106;106;109;105;
106;105;106;106;106;105;110;107;110;105;107;106;107;106;110;113;110;106;106;106;
109;108;108;108;110;105;106;107;108;106;105;104;106;105;108;107;107;106;111;114;
110;105;105;109;108;109;108;108;108;114;112;107;108;106;108;108;105;106;105;107;
107;109;109;114;105;107;105;105;106;106;107;109;105;107;107;106;106;106;109;114;
112;105;106;106;106;107;108;108;110;106;106;105;105;113;106;110;110;106;109;106;
108;105;108;109;109;106;105;105;105;107;106;112;117;105;106;106;106;107;105;106;
106;106;106;105;106;106;113;109;111;107;107;106;109;106;106;109;107;111;108;106;
106;110;108;116;107;106;105;106;106;106;104;107;110;105;106;106;109;107;106;108;
107;105;106;107;106;106;105;105;108;105;105;106;106;106;105;107;105;106;106;105;
106;110;105;110;106;104;106;109;107;109;106;109;106;111;106;108;110;106;107;113;
118;113;105;109;107;107;105;105;116;106;105;106;107;106;106;106;107;104;105;105;
110;107;107;109;108;105;105;107;105;108;107;105;108;106;106;106;106;109;107;108;
108;105;106;105;108;110;108;108;109;105;108;108;106;106;105;105;106;108;107;105;
106;107;107;106;104;103;104;107;110;108;105;110;112;103;105;105;106;106;105;105;
105;106;107;107;106;106;106;105;106;106;105;106;107;106;105;108;106;108;109;108;
106;106;106;107;106;106;105;106;109;106;105;107;105;106;106;105;110;107;109;109;
106;105;112;106;107;106;106;109;109;106;106;107;106;109;105;105;109;104;108;106;
106;110;105;106;105;105;106;106;107;106;106;109;107;105;106;106;107;108;106;106;
111;105;105;109;107;107;105;105;107;104;111;109;110;107;105;105;112;105;106;106;
109;106;106;105;105;109;110;105;109;107;106;106;109;106;105;105;107;105;105;105;
105;107;106;107;107;106;105;108;106;106;105;106;109;107;106;106;108;105;108;106;
109;105;106;104;105;105;109;107;106;112;106;104;105;105;105;106;107;107;111;106;
105;104;106;105;109;106;107;105;109;105;105;106;109;106;108;111;105;105;105;107;
110;108;105;106;110;105;105;109;106;110;107;107;127;106;105;106;111;108;106;107;
108;107;108;112;111;106;110;105;106;106;105;109;107;107;108;110;106;106;106;107;
110;108;107;106;107;109;111;106;107;110;110;114;112;106;105;109;106;108;105;108;
105;112;106;108;108;107;105;106;106;105;111;106;113;107;106;106;107;105;106;108;
107;105;105;104;109;107;108;105;109;109;106;105;112;105;108;105;105;106;107;105;
105;112;106;105;105;109;107;110;105;105;105;109;110;109;106;109;106;110;108;109;
107;108;110;108;107;104;109;110;107;107;106;106;105;104;105;105;109;107;105;107;
105;104;105;108;106;109;113;108;106;115;106;106;107;110;109;110;109;110;114;107;
106;107;108;112;109;112;112;106;107;107;107;112;111;107;110;106;106;106;106;107;
106;109;109;106;107;110;108;107;107;109;106;106;107;111;109;109;106;105;108;105;
107;110;109;109;107;107;105;108;107;108;107;107;109;107;107;106;114;108;107;107;
107;106;106;105;106;106;109;109;106;106;105;105;112;107;109;110;107;109;113;105;
107;114;108;107;106;108;108;106;108;111;105;105;105;106;111;105;110;113;105;109;
105;106;105;106;107;119;105;114;106;109;104;106;106;106;105;105;104;105;106;106;
107;114;105;105;105;105;106;105;109;109;106;106;106;120;109;107;107;122;105;107;
107;107;109;106;107;105;110;109;107;109;111;107;106;108;105;106;109;112;106;106;
109;119;105;105;106;106;111;106;106;108;106;116;105;105;106;108;107;109;106;106;
109;110;107;108;107;106;107;106;105;112;105;106;107;105;109;108;105;105;105;111;
107;106;105;107;110;110;111;105;107;106;105;109;105;105;112;105;105;106;105;110;
106;104;122;106;110;105;105;106;107;108;110;107;109;106;105;109;108;112;106;106;
110;107;106;112;108;105;106;105;107;105;111;107;105;106;108;110;106;114;105;106;
109;107;107;106;112;106;106;104;106;107;104;106;107;112;106;106;105;111;105;106;
108;108;104;106;108;108;107;108;106;106;105;110;106;106;106;106;106;109;108;110;
107;107;112;109;109;110;105;124;105;111;114;106;111;108;105;107;105;105;107;106;
107;107;104;112;112;112;113;107;107;106;110;111;108;109;105;106;106;106;108;106;
106;105;112;109;107;107;112;110;105;105;112;107;107;106;110;109;106;111;107;106;
107;107;110;108;105;109;106;108;107;107;110;110;113;109;111;111;107;107;111;111;
105;111;106;106;106;10108;120;135;118;134;140;143;149;156;126;123;129;114;146;118;109;155;105;167;117;
151;140;130;140;144;149;157;106;108;110;120;147;121;125;122;124;112;106;133;138;
120;134;137;131;124;112;146;124;125;124;117;125;117;130;110;155;140;115;121;136;
123;131;136;128;136;117;123;123;123;116;112;121;109;121;119;134;119;118;134;114;
112;109;176;142;148;139;129;137;144;145;108;123;137;134;139;133;145;131;126;106;
115;117;114;117;115;117;117;123;121;105;126;128;128;124;124;131;116;107;120;114;
120;131;123;124;127;133;108;118;106;137;131;132;131;138;140;107;117;147;115;126;
123;127;124;119;108;117;118;139;128;131;126;129;133;108;107;122;107;111;114;115;
118;119;108;109;109;122;134;130;122;115;120;107;109;143;120;118;133;130;127;122;
107;106;105;106;105;127;126;129;130;107;110;137;127;135;126;124;125;123;107;108;
106;114;124;112;114;114;116;107;106;115;121;111;112;114;116;114;107;107;106;107;
107;116;125;128;129;110;121;106;144;115;105;121;123;121;107;113;109;124;113;111;
113;110;108;106;106;130;124;115;118;110;114;109;106;107;109;105;119;113;114;111;
120;110;106;115;117;111;139;117;115;113;106;106;106;148;107;117;110;116;123;107;
106;125;114;129;128;116;113;109;108;106;111;112;118;111;137;117;111;107;107;107;
104;122;116;122;121;121;107;106;138;110;112;122;125;120;120;107;106;108;137;126;
110;119;125;129;107;109;105;141;105;120;127;114;124;107;107;111;105;120;125;112;
117;118;106;109;107;113;126;110;106;108;107;107;107;126;112;140;123;115;119;111;
107;106;116;116;116;121;128;119;116;107;108;107;122;105;113;117;112;118;107;106;
109;122;128;110;125;116;109;110;112;148;107;119;131;122;124;122;106;107;112;118;
114;121;114;121;122;106;106;119;121;125;112;112;113;118;109;107;123;124;132;123;
125;115;111;106;107;107;117;120;130;133;138;129;107;106;117;105;114;108;115;119;
122;106;106;112;106;118;117;104;111;112;107;106;126;132;115;128;138;121;126;107;
107;112;114;112;120;122;112;112;106;106;114;108;117;130;133;134;130;107;106;107;
112;129;113;116;120;126;107;106;104;120;147;113;123;129;129;106;106;134;130;154;
111;116;105;122;105;106;105;108;112;108;111;126;121;105;107;125;111;113;120;115;
108;108;107;105;114;123;144;117;118;118;109;107;106;113;119;119;109;125;111;121;
107;106;106;110;110;128;120;125;114;106;105;106;108;118;124;121;114;109;107;106;
108;148;113;118;116;112;107;106;105;113;108;146;119;114;123;129;105;105;106;121;
111;122;128;118;116;105;106;119;106;112;112;121;122;118;106;107;108;121;106;120;
122;119;119;108;105;107;120;120;112;104;113;118;105;106;120;124;123;112;119;111;
114;107;107;114;106;118;118;115;112;114;107;107;110;106;119;133;105;110;110;107;
107;109;113;116;138;132;131;131;105;106;115;105;107;118;120;111;111;107;106;117;
109;126;114;126;132;131;107;106;106;151;151;115;115;116;129;106;106;107;134;115;
115;115;113;114;106;107;124;108;105;119;130;117;122;107;105;106;136;119;119;127;
123;121;105;106;135;109;127;119;117;116;105;108;105;107;128;112;129;121;113;115;
106;106;128;120;126;131;140;129;121;105;106;113;128;122;119;118;122;122;106;105;
113;112;113;113;115;113;114;106;105;137;107;120;121;110;116;126;106;108;106;117;
114;116;124;123;113;106;107;105;105;106;114;116;119;109;106;106;108;107;128;121;
126;129;131;113;106;127;106;115;109;115;108;123;108;106;107;110;118;131;109;134;
120;108;107;120;107;140;112;126;118;112;108;106;113;121;118;115;107;131;124;118;
106;114;106;125;110;125;111;118;110;107;117;110;117;127;108;115;116;113;105;106;
119;118;167;113;135;105;107;106;112;124;105;112;112;114;120;112;108;119;106;106;
127;116;123;118;106;107;136;140;117;137;132;142;138;119;107;124;123;112;117;111;
123;111;126;110;119;143;130;125;123;111;117;117;104;125;112;113;137;135;141;126;
132;114;108;133;144;110;115;122;130;132;124;108;106;115;166;106;108;120;117;117;
120;121;124;143;148;123;144;118;110;125;116;128;114;117;113;119;119;115;117;141;
122;138;117;110;112;119;106;106;156;111;126;119;121;122;126;114;157;108;149;129;
147;147;134;125;116;109;116;150;129;129;133;142;142;152;106;113;119;130;125;140;
138;142;142;110;135;133;124;114;123;113;124;123;151;118;124;119;122;110;108;109;
114;112;110;113;126;119;131;122;121;115;114;111;194;139;138;119;126;134;135;158;
106;151;122;129;129;125;137;113;106;144;114;122;120;127;122;130;125;105;114;126;
132;124;144;163;144;144;126;182;130;121;149;115;115;117;116;123;122;135;138;125;
113;122;119;126;124;136;126;128;115;118;116;117;128;106;108;131;130;130;134;135;
136;124;142;127;108;137;134;133;132;123;115;106;106;109;109;112;110;119;128;140;
120;115;151;115;122;138;138;121;119;112;152;117;125;125;131;126;126;119;106;122;
122;110;192;121;131;137;143;109;117;114;120;126;113;126;113;126;118;116;160;120;
113;124;115;114;123;107;122;118;124;120;125;131;116;137;107;113;106;117;131;140;
137;131;110;106;105;114;111;115;118;127;119;120;116;107;106;111;114;121;127;133;
127;106;106;105;129;125;118;119;121;124;115;113;119;147;110;124;134;131;133;115;
109;105;109;122;107;116;123;121;108;113;119;110;111;116;127;115;109;108;112;138;
110;131;108;122;117;122;111;108;105;133;104;115;109;121;111;107;106;117;108;114;
118;118;110;120;108;112;112;127;117;123;116;110;116;106;110;118;120;147;113;116;
114;110;108;108;122;123;122;109;105;111;110;106;110;127;130;111;135;115;115;107;
108;110;111;108;116;123;134;121;128;107;105;108;111;120;118;119;122;122;109;110;
107;115;105;132;114;111;114;107;106;105;104;105;117;122;131;127;107;106;106;106;
108;108;110;110;110;107;106;126;105;138;112;119;117;109;107;108;106;113;111;109;
114;116;123;108;111;113;115;138;105;111;122;122;107;107;105;110;116;114;111;108;
109;108;106;105;106;137;111;120;117;117;106;105;110;119;115;119;114;106;119;105;
109;139;113;112;113;110;117;118;108;112;106;123;144;112;135;105;113;109;106;116;
115;124;128;134;128;106;106;105;106;135;106;111;123;123;125;107;107;118;123;111;
114;116;120;123;107;110;108;113;119;113;121;116;113;107;107;126;112;131;108;114;
116;109;110;108;106;107;116;130;105;116;136;108;122;107;113;124;113;110;105;107;
110;107;134;106;104;130;128;116;123;107;109;127;115;114;112;118;117;120;107;107;
106;129;115;119;120;116;113;106;113;106;109;115;163;115;119;123;106;108;114;116;
147;113;123;115;120;107;107;109;107;119;113;123;132;107;111;106;106;110;119;130;
111;124;115;110;107;108;112;123;113;137;144;127;107;115;108;159;113;126;114;115;
123;106;106;121;134;122;137;109;113;113;106;105;110;112;122;134;125;112;112;106;
107;116;114;118;105;119;127;126;111;107;108;143;111;114;106;114;114;111;106;106;
124;109;112;115;115;122;106;110;119;111;140;129;109;128;126;106;106;107;117;122;
133;135;137;114;106;105;107;114;127;114;126;129;126;106;106;106;113;126;122;120;
126;119;107;106;106;108;126;116;126;117;127;106;106;106;109;108;110;105;113;112;
106;106;112;118;108;105;112;113;113;105;106;107;110;121;118;116;115;115;107;110;
107;114;123;117;111;122;120;106;104;109;116;117;133;113;113;113;107;113;113;111;
111;107;105;120;114;108;106;109;114;108;115;117;115;106;109;106;116;105;106;111;
108;124;117;107;106;129;147;138;122;127;131;129;106;106;105;108;126;120;117;117;
120;108;105;107;109;115;130;120;132;127;106;107;112;107;136;127;105;124;127;106;
105;107;107;109;106;105;118;111;106;106;109;106;110;109;106;110;112;106;105;106;
105;106;136;108;115;122;110;108;106;106;109;122;114;118;109;106;107;107;110;106;
110;121;111;118;105;106;120;106;122;125;139;115;116;107;105;109;137;106;105;120;
113;113;106;105;114;107;109;110;112;114;114;105;110;107;106;106;112;112;108;115;
105;106;107;117;108;104;117;108;112;107;105;109;111;105;105;106;109;111;110;107;
107;109;106;113;105;114;116;106;107;107;105;106;111;112;105;115;111;106;107;115;
112;105;116;110;113;112;104;107;105;136;110;123;107;112;106;104;109;120;105;133;
109;118;111;107;106;107;111;120;107;113;120;116;106;106;109;107;106;109;114;106;
107;109;109;106;118;109;107;109;109;108;107;111;109;110;114;109;112;116;112;108;
107;106;111;146;118;110;124;107;106;106;110;114;107;110;112;121;115;108;113;106;
105;115;121;118;116;116;106;107;106;113;105;105;112;107;115;106;106;109;113;105;
124;113;115;105;108;107;111;110;105;125;109;121;111;110;113;107;120;109;111;117;
107;120;107;108;107;107;105;114;116;107;114;104;109;107;105;105;114;113;105;116;
106;106;107;107;108;111;109;117;106;107;108;107;106;106;114;106;115;115;105;109;
107;107;109;110;109;113;106;106;110;107;110;106;111;106;110;111;107;106;107;111;
105;126;103;105;104;105;107;106;107;105;113;106;110;106;106;109;107;107;109;106;
114;105;110;105;105;106;105;106;108;111;105;119;106;106;107;107;106;107;105;109;
115;105;105;107;106;105;108;104;105;115;104;107;109;106;106;104;103;108;105;104;
105;106;111;108;105;114;104;120;105;105;107;107;111;109;111;104;118;104;110;106;
106;109;108;115;106;112;105;105;106;105;107;106;108;104;111;106;106;107;107;111;
110;105;118;105;104;106;110;107;107;107;112;113;111;105;108;107;111;105;108;105;
105;108;105;107;107;105;106;105;105;114;105;105;106;109;107;108;107;106;105;105;
105;106;106;112;106;107;107;105;112;107;105;106;106;106;117;118;112;113;109;112;
107;110;116;106;113;105;105;104;104;110;107;111;106;105;106;112;105;116;106;109;
110;106;106;111;114;106;106;107;105;105;105;104;106;104;105;107;107;107;108;106;
107;104;105;105;105;107;106;109;105;114;109;106;105;109;107;106;107;107;107;106;
107;109;107;106;106;105;106;106;106;105;108;108;108;106;106;114;124;105;110;104;
108;106;106;106;105;111;125;112;106;105;106;106;106;106;110;114;104;104;106;107;
105;107;105;108;112;113;104;115;106;106;110;104;106;108;112;106;106;107;106;105;
104;104;107;113;108;104;107;106;106;105;105;105;105;104;105;106;107;106;109;106;
104;107;105;106;107;107;106;106;106;106;107;114;106;107;106;106;106;105;106;105;
105;105;107;105;109;105;106;108;108;109;105;107;106;106;112;106;106;105;105;105;
107;108;107;111;111;105;105;104;106;108;107;107;107;108;111;108;110;108;108;107;
108;105;109;109;107;109;110;107;106;104;107;109;112;106;105;105;110;111;106;106;
108;112;106;104;106;107;105;106;108;108;105;106;119;105;110;105;105;107;106;105;
110;104;105;106;111;108;107;109;104;106;105;110;106;105;106;106;107;106;106;107;
112;107;105;106;107;113;105;108;106;105;109;107;106;111;105;109;108;104;105;106;
106;109;106;110;115;114;111;105;108;107;105;109;109;122;111;112;106;106;106;107;
105;106;112;114;111;110;106;107;106;107;104;105;105;112;105;107;106;106;107;105;
105;115;111;108;107;107;105;109;106;109;108;110;106;107;108;107;107;113;121;106;
108;112;107;107;106;105;105;106;107;109;116;107;107;107;108;104;110;105;106;105;
106;107;107;106;104;106;104;105;105;107;108;107;106;105;106;107;108;106;107;106;
106;106;121;110;107;106;111;107;107;110;107;109;109;107;106;109;106;106;107;107;
105;124;105;117;111;106;106;106;107;107;123;104;105;115;108;107;108;107;110;108;
111;105;105;107;107;106;108;115;108;107;128;112;106;104;104;104;104;106;107;112;
108;107;108;112;105;104;105;105;109;110;106;106;107;106;112;119;115;110;112;106;
106;112;107;107;107;109;112;110;106;107;106;105;105;107;104;106;111;106;106;106;
106;107;110;108;117;106;105;106;108;106;109;106;104;110;117;108;109;106;106;114;
107;106;107;112;106;107;106;108;110;115;105;106;113;107;107;106;107;106;105;110;
104;105;107;105;106;106;112;109;105;110;112;106;107;106;106;106;109;104;105;109;
107;106;106;108;108;112;105;106;120;107;105;106;107;106;105;108;108;105;106;105;
106;107;107;110;105;105;113;106;106;106;108;108;105;113;109;105;106;106;106;106;
107;108;104;103;113;106;105;105;105;110;113;106;107;109;106;106;106;105;107;105;
106;106;106;106;106;106;105;109;119;104;110;105;106;106;105;109;112;108;105;109;
105;106;106;105;107;106;104;104;106;105;106;107;106;107;108;115;106;105;106;107;
106;106;107;112;106;106;105;105;107;107;106;108;106;113;109;110;107;107;106;106;
106;105;106;111;105;108;107;106;108;107;106;107;105;108;106;108;107;106;106;112;
112;115;109;109;108;106;106;104;105;105;107;106;105;107;106;105;105;107;106;106;
109;107;106;106;105;105;104;106;106;104;104;107;107;106;105;104;111;111;105;104;
106;106;106;106;105;108;115;108;114;106;106;105;106;111;105;107;108;105;105;106;
105;106;105;109;105;107;115;106;106;108;106;105;105;108;115;105;106;106;106;106;
107;104;104;111;105;106;106;106;105;105;111;104;106;106;106;105;106;105;105;108;
113;112;107;106;106;105;104;104;108;106;104;104;106;106;106;105;108;105;104;109;
115;107;105;106;105;106;110;105;109;109;110;105;106;107;108;107;114;106;105;107;
104;106;105;106;106;106;105;108;106;105;106;106;111;106;108;105;107;106;107;107;
106;105;107;107;106;107;106;107;106;108;106;107;111;109;107;106;106;106;105;106;
104;111;104;105;107;106;109;106;107;106;109;106;112;107;106;106;106;109;106;109;
104;108;107;113;106;105;106;108;110;114;104;110;108;108;105;105;106;106;113;115;
107;106;106;105;105;104;112;106;106;107;106;110;105;106;107;107;106;104;106;106;
106;106;107;106;111;119;108;106;106;105;106;107;105;110;112;105;106;106;106;107;
106;113;109;112;113;109;112;108;106;106;122;111;111;111;111;107;111;105;105;109;
114;118;119;108;107;111;106;105;104;109;116;106;108;107;107;105;106;104;108;106;
109;111;106;108;106;105;106;109;116;120;106;106;112;106;111;105;107;110;111;106;
105;106;105;106;107;119;123;110;108;106;106;111;106;105;107;114;113;107;106;107;
105;108;106;110;108;114;108;105;106;106;106;106;105;129;105;107;105;105;106;106;
115;112;104;112;106;106;106;105;105;109;109;105;109;106;110;106;106;105;111;118;
104;110;108;107;106;106;105;111;107;112;109;107;108;109;108;108;109;114;115;113;
107;105;105;106;106;105;105;111;111;106;110;106;106;105;112;114;108;111;109;106;
105;106;105;107;110;113;111;107;105;105;107;105;107;109;115;105;106;106;105;105;
106;105;106;105;112;107;106;105;104;107;104;105;111;105;106;105;108;106;105;105;
113;104;109;107;106;106;110;106;105;104;108;106;108;107;106;106;105;112;115;111;
112;110;105;105;104;104;105;104;107;105;107;107;108;107;108;106;116;117;107;106;
107;106;106;106;112;107;111;106;111;108;108;106;108;105;106;113;116;106;105;106;
105;107;106;114;117;106;106;105;105;105;106;105;110;109;109;107;106;110;106;106;
105;105;109;105;107;106;106;106;107;108;105;107;107;105;106;105;105;105;105;105;
110;105;105;105;104;105;105;108;107;112;106;106;105;106;106;109;105;106;104;111;
105;106;105;106;105;110;104;106;106;108;106;107;106;106;113;106;113;112;106;106;
109;105;105;106;105;105;108;105;105;106;105;107;106;105;106;106;106;106;106;107;
106;112;109;104;106;106;106;105;105;105;107;105;106;106;107;105;106;106;106;108;
104;107;109;107;106;106;105;106;109;106;105;106;106;106;106;107;105;106;115;110;
109;107;106;106;106;106;106;104;111;106;106;107;106;105;106;108;105;107;105;106;
106;106;110;106;105;106;108;105;107;107;106;106;107;106;108;109;109;106;107;106;
106;106;106;108;107;106;106;107;108;106;106;106;111;108;106;105;106;107;105;105;
105;105;104;111;108;113;107;105;106;106;105;105;108;107;106;106;109;105;119;111;
106;107;107;106;106;106;105;107;109;112;105;109;106;106;106;105;114;108;112;105;
106;105;105;106;109;109;106;108;105;106;105;105;105;106;110;105;106;105;107;105;
106;105;106;105;104;104;106;106;105;105;106;106;105;108;104;110;106;105;108;106;
106;111;104;116;105;106;105;109;109;107;105;111;104;106;109;106;106;105;105;105;
109;105;106;107;106;106;105;105;105;105;105;110;106;105;107;107;106;106;109;110;
110;106;106;106;106;106;106;104;105;111;106;106;106;106;106;106;105;105;106;106;
106;105;105;106;117;108;104;106;107;107;107;107;106;111;105;109;104;106;106;106;
107;106;105;109;105;105;107;105;105;105;107;105;105;105;110;106;106;105;106;106;
109;105;105;105;107;105;106;105;105;107;105;108;105;105;105;106;110;106;114;111;
107;113;107;105;106;106;106;106;106;107;111;105;106;106;107;105;106;111;106;105;
107;106;108;104;105;106;105;113;116;106;106;106;105;109;105;110;111;105;106;106;
106;106;109;116;109;108;107;107;106;106;107;106;106;106;108;105;106;106;105;106;
106;107;105;107;106;106;106;106;107;106;113;105;107;107;107;106;106;107;106;106;
110;105;107;107;105;106;105;106;106;106;109;110;107;107;106;106;106;107;107;106;
107;107;106;107;105;104;105;104;106;106;106;106;104;105;107;121;110;120;108;107;
107;106;107;105;111;110;113;106;107;110;108;107;106;108;110;112;110;107;105;106;
107;106;107;111;110;114;107;107;106;106;105;105;107;114;108;107;106;108;105;106;
105;106;105;107;106;108;106;108;105;106;107;113;105;106;107;105;105;105;106;106;
106;109;106;110;106;106;105;114;112;114;108;105;105;105;109;105;106;105;120;105;
106;108;106;106;105;111;108;114;105;106;106;105;106;109;111;105;109;105;107;109;
109;107;105;115;106;109;112;106;111;111;107;106;115;107;116;113;107;106;108;106;
106;105;114;105;114;108;105;106;106;109;105;104;111;109;107;106;105;106;111;106;
108;106;112;110;107;105;107;105;111;120;106;111;107;107;107;106;106;106;110;106;
116;107;106;106;108;106;107;104;112;106;107;108;112;107;107;107;125;105;105;107;
107;107;105;108;107;106;109;106;105;106;106;116;106;106;107;105;115;106;107;107;
109;106;105;106;106;106;107;111;111;107;105;106;107;106;112;107;107;107;106;106;
115;125;108;107;106;107;111;104;107;105;112;117;105;106;105;105;105;109;107;107;
111;105;106;106;106;105;108;107;106;104;108;107;109;105;106;106;106;109;106;106;
106;109;108;106;106;106;104;106;109;107;108;108;108;107;116;104;104;113;109;106;
106;105;107;106;105;107;111;109;105;106;109;105;107;105;108;106;106;106;105;107;
106;106;106;108;105;106;106;106;105;106;107;104;106;107;109;107;106;105;106;112;
107;113;105;107;106;107;107;106;107;110;107;109;113;108;107;106;105;106;104;106;
105;106;106;106;105;109;106;109;106;106;107;106;104;107;106;108;105;107;111;106;
107;107;106;106;106;109;107;106;107;112;116;105;105;106;105;111;112;106;108;111;
105;108;106;106;108;106;107;105;106;105;105;111;109;105;106;106;105;105;105;106;
105;105;106;106;105;105;105;106;106;106;112;110;104;106;106;105;105;105;106;105;
105;108;107;106;106;105;106;106;108;104;109;106;107;105;106;105;115;104;109;110;
106;109;108;108;106;107;110;111;113;106;106;107;106;106;116;117;109;105;107;106;
106;107;113;106;106;106;113;106;107;106;106;115;109;107;107;111;107;106;106;106;
105;107;106;104;106;107;106;110;105;106;110;110;114;105;107;106;106;109;106;118;
113;111;112;106;106;106;107;106;119;105;117;111;107;106;108;106;106;108;109;105;
117;107;106;105;109;106;113;106;118;108;107;106;105;105;106;105;114;105;109;107;
105;106;106;106;109;108;106;107;106;106;106;105;105;106;109;108;110;107;108;109;
108;105;106;106;107;107;107;105;106;106;106;111;117;105;112;106;106;107;104;106;
106;105;105;105;105;104;106;105;105;106;111;106;105;106;105;108;106;105;106;105;
106;111;105;106;105;105;108;107;106;108;110;105;106;108;109;106;107;106;107;106;
108;105;106;106;106;107;111;111;107;107;105;105;104;106;106;111;104;106;106;105;
106;114;106;105;104;107;107;107;105;104;106;106;111;112;109;106;106;105;107;106;
106;106;105;105;111;106;105;106;105;106;106;116;108;109;110;107;107;107;106;105;
107;116;106;110;109;106;106;106;106;111;106;106;106;108;106;106;106;106;107;116;
106;107;106;106;105;106;109;106;111;106;107;106;107;107;106;106;109;105;106;107;
106;106;105;105;106;105;112;106;106;107;106;106;107;106;105;109;112;107;107;105;
105;105;107;107;106;113;109;108;105;106;105;108;108;106;113;107;108;106;106;105;
112;109;106;111;107;108;105;104;106;115;115;106;106;106;107;106;106;106;110;112;
113;107;106;105;105;109;107;106;110;110;106;108;105;106;106;105;116;105;112;107;
107;108;106;108;106;115;105;115;106;107;107;108;108;106;107;109;109;105;106;107;
106;105;106;107;106;108;106;107;108;105;107;105;106;117;105;107;108;108;107;105;
106;109;105;109;111;107;106;108;105;105;106;105;107;105;107;105;105;105;104;105;
105;105;108;107;109;113;105;106;105;105;106;104;106;105;106;105;105;105;110;105;
105;107;106;106;105;106;106;106;108;113;107;107;107;109;107;106;105;105;104;106;
107;105;106;105;107;111;109;105;108;108;105;105;106;105;106;108;106;106;108;108;
105;106;108;106;105;106;107;109;112;106;106;105;106;105;106;106;105;106;104;105;
106;110;106;106;109;107;106;105;106;108;113;112;105;109;107;107;106;112;126;106;
112;112;108;105;107;106;106;106;110;111;111;107;108;107;106;106;107;106;108;111;
106;104;106;108;105;111;106;109;112;106;105;106;106;105;113;109;106;105;106;106;
106;107;106;120;111;106;110;105;106;105;107;106;105;105;111;104;107;104;106;106;
105;107;106;106;106;106;107;106;106;106;110;107;106;113;106;106;106;106;105;109;
111;111;111;109;104;113;104;109;133;105;107;111;105;105;106;107;106;111;116;108;
110;106;105;105;104;105;128;107;117;114;106;105;105;104;106;106;105;105;110;106;
105;105;107;106;109;107;106;106;106;111;105;106;106;106;113;110;108;106;106;107;
104;105;120;106;110;105;105;106;104;104;108;110;105;108;105;106;105;105;106;105;
107;109;104;113;106;106;105;106;105;106;106;104;117;106;106;104;105;106;108;110;
105;116;106;104;106;106;106;110;123;114;112;106;104;104;109;105;106;108;116;106;
106;105;110;104;106;112;109;106;112;105;107;104;106;106;107;109;115;106;107;105;
107;104;109;107;105;106;115;106;104;110;106;105;116;116;112;116;105;104;108;105;
116;105;114;110;106;106;105;106;105;106;105;126;108;114;105;106;104;105;105;106;
110;111;106;105;105;105;105;105;106;107;115;113;105;105;105;104;105;107;105;111;
106;105;105;106;104;105;106;105;105;112;107;105;106;105;107;107;106;105;109;106;
105;104;106;105;106;106;109;109;110;106;106;106;105;106;106;106;114;106;105;107;
105;105;109;107;106;107;105;104;104;105;105;109;107;108;107;105;105;105;104;106;
107;105;108;105;106;105;105;109;106;108;123;107;108;105;106;107;104;106;114;105;
111;112;106;105;106;106;106;106;111;109;108;106;104;104;104;105;111;110;108;104;
104;105;105;106;106;107;107;107;106;105;110;105;106;106;108;110;110;105;105;104;
104;106;105;107;106;110;105;105;106;105;104;104;107;116;106;108;105;104;105;105;
105;106;105;107;111;105;107;105;110;105;106;105;123;115;105;106;105;105;106;106;
106;111;104;105;104;104;105;106;107;106;110;105;106;105;105;103;105;106;105;105;
111;104;105;104;107;105;106;114;106;105;104;105;105;105;105;108;111;109;116;112;
105;104;105;107;106;108;122;113;104;103;103;105;105;107;108;116;111;106;107;106;
104;105;107;115;108;107;106;105;113;108;105;107;111;114;107;105;106;105;106;106;
106;106;111;105;105;105;105;106;105;111;106;107;112;105;105;106;105;109;107;105;
105;106;112;106;104;106;105;106;106;113;114;116;106;109;106;105;106;107;113;106;
110;104;113;104;107;106;107;106;106;106;106;106;105;106;112;106;107;115;105;106;
107;104;107;106;106;105;117;123;106;114;105;104;111;107;115;108;115;104;115;105;
106;107;106;106;109;110;106;108;105;108;106;105;105;105;106;105;115;105;105;107;
105;105;107;105;105;105;105;105;106;105;110;105;104;104;112;104;105;107;107;106;
106;110;106;106;105;105;112;106;106;105;105;105;104;105;104;106;107;106;112;105;
112;115;106;113;106;111;109;105;106;105;105;104;106;107;110;113;107;109;105;114;
104;105;109;109;107;108;106;110;106;106;110;107;109;106;108;106;105;104;110;108;
107;106;108;106;107;106;112;104;106;111;118;112;106;104;113;104;107;109;106;106;
107;109;106;115;105;104;106;114;111;106;104;107;109;114;109;105;107;106;105;114;
112;110;104;108;105;107;111;106;109;106;106;105;107;105;106;119;111;114;106;116;
118;109;106;116;107;114;107;108;105;108;109;104;107;105;107;118;105;108;106;110;
107;107;119;108;106;105;106;105;112;106;111;116;111;110;106;109;106;107;105;106;
114;124;112;110;118;110;108;108;107;107;120;114;108;108;106;104;117;115;106;123;
108;116;107;105;114;111;111;107;140;110;115;109;110;104;106;109;107;115;108;115;
116;114;106;105;107;110;113;110;108;104;112;111;108;108;107;107;120;113;112;113;
110;110;106;106;121;111;112;112;112;111;112;106;129;104;109;113;116;108;114;109;
107;106;110;106;113;105;117;106;111;107;107;111;108;106;114;111;114;112;114;109;
110;112;114;122;105;104;107;108;106;107;108;109;116;110;109;107;124;107;118;107;
108;165;110;119;108;107;107;106;112;108;116;105;122;104;112;106;115;112;108;109;
114;105;116;107;110;110;111;116;121;109;115;106;117;113;113;118;113;114;113;105;
118;110;127;105;115;113;113;110;113;110;107;109;106;106;116;137;118;105;120;106;
108;111;111;112;138;107;107;111;106;114;108;115;105;113;123;109;137;114;110;112;
115;118;121;120;123;119;106;106;110;106;106;113;109;114;113;107;106;106;107;104;
114;109;111;113;118;105;110;106;106;121;109;119;112;107;106;107;116;115;104;112;
115;115;117;106;107;109;105;105;114;109;115;116;109;114;111;106;110;104;114;116;
108;106;107;107;106;116;105;115;113;116;107;107;106;105;110;107;132;107;105;105;
110;106;109;105;105;104;105;107;108;105;109;106;110;111;116;106;107;107;107;109;
109;109;105;111;106;108;106;105;105;110;109;109;104;106;107;107;112;108;105;109;
109;116;108;106;106;107;107;105;123;109;114;108;110;106;106;106;114;125;126;105;
107;107;105;112;106;120;108;117;116;108;108;112;123;107;106;105;113;135;112;105;
108;106;108;106;115;123;105;112;108;106;110;106;106;132;109;118;118;108;114;108;
109;108;115;119;118;113;108;106;1110;139;136;134;152;147;145;147;152;154;137;110;137;132;119;137;125;116;124;137;
122;119;150;125;125;138;131;126;146;115;110;111;119;116;180;135;131;133;143;145;
108;126;151;130;128;137;137;137;127;125;114;111;166;124;132;113;133;135;137;150;
136;126;135;143;137;138;126;124;131;118;146;107;142;133;123;123;124;137;127;123;
137;143;140;152;158;160;152;132;134;138;123;133;122;123;126;124;134;143;158;151;
125;152;118;127;141;127;170;128;121;128;130;126;122;118;133;123;123;139;123;114;
130;113;132;142;127;116;137;122;117;121;128;111;142;136;120;132;135;130;131;140;
110;121;112;120;129;168;138;140;148;148;141;116;145;150;111;117;134;125;122;136;
128;129;127;135;148;144;123;128;112;113;128;114;137;141;154;126;136;142;149;158;
140;132;124;145;127;149;121;133;121;121;109;122;129;119;122;127;143;132;128;124;
127;123;143;139;125;124;162;128;141;137;108;146;119;119;135;138;141;140;126;135;
110;123;117;120;113;122;123;127;126;123;146;137;136;141;126;117;116;126;129;132;
147;116;122;123;124;146;137;139;125;139;111;124;140;132;113;141;120;109;113;117;
107;134;127;138;126;126;137;141;190;190;119;148;138;125;123;146;149;139;113;117;
113;125;117;127;113;123;127;117;112;112;109;108;112;121;128;116;122;137;111;121;
106;119;118;146;142;127;113;116;113;123;110;117;134;119;106;134;142;124;165;113;
110;110;126;130;132;130;144;120;111;111;106;134;115;124;129;124;120;131;138;129;
107;117;128;160;138;138;136;148;173;183;106;130;116;117;128;162;132;155;115;117;
107;109;142;133;130;133;132;144;125;122;109;107;132;154;121;123;133;118;120;131;
110;139;109;139;106;115;125;135;127;118;109;130;146;134;134;117;153;114;120;119;
110;133;124;124;113;121;121;133;132;124;109;121;134;133;135;120;115;121;152;121;
110;112;117;115;133;141;139;117;123;134;107;124;107;131;157;147;137;143;136;132;
108;150;139;119;142;142;145;153;158;161;107;107;106;132;115;125;127;124;127;123;
107;109;106;109;118;118;116;119;117;121;107;105;112;161;112;134;117;114;116;115;
112;106;155;122;108;135;141;137;128;122;110;129;106;124;126;118;124;120;122;125;
108;112;137;113;134;114;113;119;125;122;106;121;128;105;115;182;139;120;134;115;
110;109;141;142;118;130;130;140;144;143;112;112;108;110;131;124;126;115;123;130;
109;129;123;112;132;108;119;129;112;123;108;107;106;140;110;107;124;115;121;128;
107;110;114;115;142;122;122;116;116;119;112;108;109;106;117;118;125;122;131;130;
106;108;107;122;106;105;124;124;113;114;106;106;109;112;132;117;119;130;123;113;
107;107;135;143;116;123;138;122;125;135;106;109;113;106;127;120;114;111;116;113;
108;106;118;133;108;129;124;128;129;133;107;110;157;149;146;137;111;126;126;126;
107;109;132;138;138;130;128;119;123;124;106;108;115;114;117;128;134;128;113;113;
107;110;107;111;113;134;122;119;139;133;111;108;128;124;105;126;114;121;121;126;
107;108;126;117;109;132;136;126;114;110;106;106;107;110;112;120;117;112;123;125;
105;118;106;111;117;149;128;123;131;123;106;113;111;130;113;112;150;137;152;178;
106;106;110;107;146;156;122;133;130;124;105;106;107;117;121;113;121;120;114;123;
109;106;106;128;121;136;119;124;132;122;109;108;106;105;108;140;105;117;109;111;
106;110;107;107;104;104;108;121;123;121;107;114;105;106;111;120;108;104;113;114;
109;107;111;105;110;156;109;116;112;113;107;108;107;106;105;111;113;116;120;120;
106;107;109;107;118;107;124;105;109;111;105;107;107;110;116;125;113;111;110;109;
106;109;107;110;105;126;114;112;113;118;108;106;106;106;129;117;120;123;114;114;
110;106;107;106;107;111;119;113;112;132;117;106;106;106;105;113;106;114;111;120;
107;110;107;105;117;112;112;116;105;112;109;106;106;105;109;126;120;122;115;108;
110;106;107;110;107;107;115;109;117;107;119;106;107;106;106;116;110;122;130;124;
122;106;107;109;114;117;113;116;121;126;113;106;110;107;132;112;112;132;121;116;
112;107;107;105;115;118;125;114;118;126;115;107;107;106;105;110;105;115;118;112;
110;107;105;106;119;109;119;111;120;116;109;107;106;106;108;120;108;109;109;113;
116;107;107;106;106;109;127;115;127;115;121;107;106;106;120;121;130;111;126;120;
120;107;109;107;107;108;111;114;132;129;115;106;106;106;108;105;112;115;119;106;
110;106;105;107;113;105;117;113;111;137;113;109;107;106;106;105;108;115;111;111;
125;114;107;106;108;106;123;105;121;109;105;106;106;111;106;105;118;109;105;105;
108;107;105;106;106;106;106;114;107;112;120;110;106;106;108;116;106;106;120;122;
108;109;107;106;109;110;147;117;112;122;109;106;107;108;106;110;135;105;117;115;
112;106;106;109;106;111;107;117;110;105;112;105;106;111;108;110;108;110;104;112;
120;106;106;113;107;106;114;105;110;106;119;106;109;106;107;108;105;131;104;110;
109;106;106;105;109;107;117;108;109;124;119;106;109;106;106;106;108;108;105;104;
123;107;107;106;107;111;107;105;108;107;117;107;112;110;105;106;116;111;106;113;
110;107;111;106;106;106;106;116;116;104;113;106;107;107;106;104;105;113;116;106;
110;106;106;105;110;107;111;110;104;117;114;105;105;108;107;110;107;105;106;111;
115;107;106;106;108;106;107;110;108;106;110;106;108;106;106;105;105;104;106;107;
107;106;106;107;106;106;111;113;117;114;111;107;107;107;106;105;108;111;106;116;
110;106;106;105;106;106;112;105;111;104;109;107;106;107;105;106;105;104;106;106;
107;110;105;106;105;106;118;114;115;111;104;105;105;107;108;108;107;104;110;113;
111;106;108;106;107;107;105;109;105;105;113;105;107;105;107;107;105;105;106;108;
105;105;105;106;107;107;105;104;106;110;109;108;109;106;109;111;107;105;105;117;
105;107;105;109;108;108;105;112;105;113;105;106;106;106;108;106;105;105;104;112;
107;108;106;107;107;107;114;106;105;111;107;106;107;107;112;112;107;105;106;112;
106;106;106;106;108;110;107;118;107;121;107;105;106;106;107;113;117;117;106;111;
107;107;107;106;106;110;109;112;113;105;107;106;105;106;108;112;110;116;111;104;
109;106;107;106;106;110;109;112;123;115;112;105;110;107;105;109;108;105;120;105;
111;106;107;110;106;106;106;112;110;105;116;106;106;107;106;107;106;116;106;106;
110;106;105;107;106;107;112;104;118;105;109;106;106;106;106;106;108;121;104;137;
118;105;106;106;107;112;107;110;108;108;106;106;106;106;106;106;106;108;110;111;
107;106;107;106;107;115;108;105;118;105;113;106;106;106;109;109;107;105;108;114;
110;106;108;109;106;105;107;107;109;106;106;105;107;107;108;108;107;112;112;110;
111;106;106;107;107;110;111;109;118;107;115;106;106;106;109;113;105;105;108;105;
104;107;106;106;108;108;108;111;105;107;119;106;106;105;106;110;105;109;105;113;
106;106;106;106;106;110;107;107;106;111;110;105;106;105;106;107;105;115;111;117;
114;106;105;105;107;105;114;105;119;105;113;105;106;106;106;106;105;105;107;105;
104;106;107;106;106;105;109;113;106;107;104;107;105;107;107;110;106;129;114;122;
111;106;106;106;109;108;106;115;105;108;110;109;106;105;106;106;106;129;123;113;
112;106;105;106;106;106;113;105;109;113;109;106;106;106;106;106;106;107;108;106;
108;105;110;107;108;106;105;104;118;105;117;106;106;105;106;106;105;108;116;112;
106;106;106;106;106;106;105;105;109;105;108;106;106;106;108;107;106;106;106;115;
107;106;107;106;106;109;111;113;106;112;107;105;105;106;106;106;106;105;108;114;
110;106;106;106;108;106;106;119;108;105;106;106;106;106;108;109;105;113;105;104;
106;107;106;106;106;106;107;113;105;104;107;108;105;106;106;106;105;117;125;108;
111;106;107;106;105;109;106;106;110;113;108;105;106;105;105;107;109;117;113;113;
105;104;106;106;107;106;105;105;112;115;117;105;105;105;108;105;116;106;111;108;
112;106;107;106;106;107;111;113;111;113;114;104;105;105;105;105;108;125;108;108;
116;104;109;108;105;107;113;105;110;117;105;106;106;106;105;105;106;116;105;104;
104;109;106;106;107;106;110;110;109;109;110;106;106;109;117;110;106;104;103;109;
114;105;105;105;105;110;111;105;108;104;105;105;106;109;107;106;110;106;106;105;
109;105;106;105;106;106;105;108;109;106;110;105;105;106;110;107;107;112;111;109;
115;107;105;106;106;110;109;105;104;132;111;111;105;112;107;107;108;113;106;111;
112;116;105;106;106;107;109;105;108;116;105;111;105;106;111;111;107;113;118;107;
107;110;107;106;107;107;106;106;106;120;110;116;107;104;107;106;105;106;110;106;
106;112;105;107;105;109;105;106;109;104;105;106;106;105;105;110;106;110;105;105;
103;105;106;108;106;108;115;105;110;107;103;109;108;104;108;107;114;105;113;116;
111;110;105;108;107;107;105;105;106;105;106;105;109;105;108;108;108;106;109;104;
104;112;105;106;107;107;105;104;109;104;104;111;105;109;110;114;107;108;112;106;
110;106;106;105;105;108;109;110;105;109;110;109;105;106;107;114;105;108;104;104;
113;106;105;105;105;105;110;106;106;104;105;109;109;106;105;106;108;113;107;110;
106;105;106;112;106;109;107;107;107;105;104;105;106;105;106;106;105;108;118;104;
104;106;105;109;106;106;107;105;105;106;110;105;108;106;107;106;107;105;116;110;
108;109;107;106;106;106;106;107;107;108;106;109;106;108;106;106;106;107;108;113;
105;106;106;105;107;107;106;107;112;112;107;119;107;106;106;107;107;106;105;106;
108;106;106;105;105;105;106;105;105;106;107;105;107;107;106;108;110;109;112;106;
105;106;106;106;106;108;106;105;107;108;105;109;108;105;108;106;106;107;104;110;
106;107;106;106;105;109;110;114;105;110;112;109;106;105;105;106;108;108;110;124;
105;111;106;105;106;106;107;107;106;114;110;105;106;105;106;106;107;110;106;106;
118;112;106;105;106;106;105;106;105;104;111;113;107;106;107;111;107;108;105;104;
106;107;107;106;106;106;106;106;111;106;113;107;110;106;107;106;105;107;110;107;
111;108;106;106;107;106;106;106;106;106;107;108;106;106;107;106;107;106;106;104;
109;105;105;106;106;106;108;106;106;112;105;106;107;111;108;106;107;105;105;106;
115;106;106;106;106;106;106;105;111;120;110;105;106;106;106;106;106;106;105;105;
105;105;105;106;107;106;109;107;109;106;106;106;105;106;105;106;107;111;108;109;
107;105;106;105;106;106;106;110;105;122;111;111;106;107;106;105;106;106;108;109;
108;111;106;105;105;105;106;106;110;112;107;104;106;105;107;106;106;106;106;111;
106;104;105;105;105;105;109;107;106;105;106;105;105;104;106;106;106;108;105;108;
104;115;106;105;106;105;106;106;108;106;107;119;107;105;106;107;106;106;109;106;
127;113;106;106;108;105;107;107;105;105;113;119;106;108;106;108;105;106;105;106;
114;112;106;106;107;106;106;107;105;107;112;105;106;106;106;106;106;106;105;105;
105;106;106;110;105;106;107;106;106;105;107;105;105;105;106;106;105;105;105;110;
109;105;107;106;106;106;106;106;114;110;120;106;105;106;106;106;107;106;105;105;
109;108;106;106;106;106;106;106;106;105;106;105;106;106;106;106;105;106;106;105;
105;106;105;104;109;104;107;106;106;107;105;106;106;107;107;111;107;107;106;105;
111;110;105;105;106;106;105;104;114;107;105;106;105;105;105;105;106;105;105;109;
106;104;105;105;106;105;104;105;104;104;112;105;106;105;106;106;106;104;105;114;
107;125;106;104;105;105;107;110;105;105;111;110;106;105;106;106;107;111;109;108;
115;106;106;105;106;105;105;110;106;106;106;105;106;106;107;106;105;107;109;108;
108;106;106;106;107;106;108;109;105;105;112;105;106;105;105;106;106;105;105;105;
112;106;106;105;107;105;106;105;107;107;104;113;105;106;107;106;105;106;108;106;
113;105;106;106;105;106;107;106;105;111;105;105;106;105;107;106;109;114;120;120;
109;105;105;105;107;106;106;110;106;105;111;106;108;111;107;107;107;107;112;109;
109;105;105;106;107;106;107;107;105;105;105;105;105;106;105;106;105;106;106;105;
105;113;105;106;106;106;106;106;105;105;105;107;105;104;106;105;106;106;105;106;
105;109;106;106;106;105;105;105;106;109;110;108;106;106;106;105;105;106;106;111;
108;106;105;105;107;106;105;106;106;106;111;106;108;112;108;106;106;105;105;104;
104;111;105;105;105;106;106;106;104;104;106;104;106;106;105;106;109;105;108;112;
108;104;106;105;106;105;107;107;105;108;104;109;105;106;106;106;107;112;107;109;
108;105;108;106;106;113;105;106;105;104;106;105;106;106;106;106;106;106;106;105;
106;106;106;106;107;107;109;106;106;105;105;106;105;106;106;106;106;106;111;104;
105;108;111;105;106;108;107;108;105;105;110;105;107;106;106;108;105;106;106;105;
105;107;107;105;107;105;105;106;105;105;104;110;105;106;106;104;105;106;111;115;
105;104;105;105;105;104;105;105;105;109;105;105;104;105;106;106;106;106;105;105;
105;106;106;105;107;109;106;106;105;104;106;105;105;105;107;105;106;105;104;104;
105;105;105;106;107;105;106;106;104;105;103;111;104;106;106;106;106;105;113;104;
109;104;107;105;108;108;105;106;116;105;108;105;104;106;105;109;106;106;106;110;
107;107;105;105;107;107;106;106;106;105;105;107;106;105;106;106;106;110;105;105;
104;105;105;106;107;108;106;106;105;111;106;105;106;107;107;112;107;105;117;109;
107;106;106;105;107;107;106;106;104;104;107;109;108;105;109;108;106;106;106;105;
106;112;109;105;106;110;106;105;105;107;104;108;105;106;106;109;106;106;106;110;
113;112;106;106;106;105;105;105;113;105;110;106;104;105;106;105;105;105;111;105;
104;106;106;111;108;108;105;107;106;110;105;111;105;105;107;112;107;108;106;105;
106;105;107;105;106;105;106;106;109;109;105;123;105;108;108;107;106;106;112;107;
106;108;105;106;108;112;105;105;105;105;107;111;105;106;106;107;108;107;113;110;
106;105;107;112;107;107;106;105;107;106;106;105;106;106;106;109;106;105;105;104;
106;104;105;111;107;107;106;107;114;106;108;104;106;105;107;109;106;107;107;106;
106;127;105;112;107;110;106;106;110;106;115;105;107;105;107;106;105;106;107;105;
107;109;106;114;106;109;106;106;105;104;105;104;106;105;109;105;107;106;105;105;
106;105;105;115;106;106;106;106;106;106;112;105;107;105;107;106;105;106;106;106;
110;126;105;112;109;107;106;105;105;105;105;105;106;106;106;110;105;105;105;105;
105;105;104;106;106;107;107;106;107;106;107;104;117;105;106;106;107;106;105;104;
115;106;109;105;105;105;106;105;106;105;111;106;109;106;107;106;105;105;105;105;
110;105;109;104;107;106;105;106;106;108;105;105;105;105;108;108;105;106;108;105;
112;105;105;106;109;109;106;111;106;105;105;112;105;112;108;108;108;106;109;105;
114;114;119;105;107;107;107;109;109;104;122;103;112;109;107;107;106;105;112;114;
106;106;106;107;106;106;106;108;104;106;113;110;106;105;105;106;105;106;105;105;
116;110;106;107;109;109;106;106;106;106;106;108;108;107;107;107;107;106;105;106;
107;108;108;112;108;108;105;106;105;105;105;105;117;117;106;107;107;105;106;105;
109;106;104;115;105;106;106;106;106;105;106;104;108;109;106;107;106;108;105;106;
105;105;105;112;106;106;105;106;105;105;105;105;104;106;107;106;110;109;105;105;
105;104;104;106;107;105;106;106;105;106;106;116;106;106;107;107;105;105;105;113;
111;106;113;111;105;109;105;107;106;105;105;110;110;111;107;107;106;108;105;111;
110;105;117;104;108;108;106;105;106;106;105;105;104;112;108;108;105;105;105;106;
106;106;105;105;106;106;105;106;106;107;108;104;105;106;107;111;106;105;106;105;
122;104;115;105;107;107;106;106;106;105;105;107;106;105;107;107;106;111;107;106;
106;106;107;105;105;109;105;105;107;105;106;105;109;106;107;107;106;106;108;107;
105;105;105;106;107;107;105;106;104;109;125;117;118;111;107;111;106;106;106;106;
108;104;104;106;110;106;107;105;106;106;106;105;106;105;109;112;105;106;106;118;
108;107;105;112;107;110;104;104;106;106;105;106;113;114;107;107;107;105;107;106;
106;106;110;106;109;108;106;108;106;108;105;104;107;104;106;110;105;105;106;105;
105;105;104;107;106;106;105;105;107;106;106;106;106;106;107;107;106;105;106;105;
105;106;109;106;110;110;107;106;105;105;105;114;105;104;106;110;105;104;106;105;
113;109;105;105;106;108;105;106;106;106;106;105;105;104;106;106;106;105;107;106;
105;114;107;110;107;107;105;105;106;105;105;104;107;107;108;108;106;106;106;106;
105;118;104;111;105;109;105;105;105;106;104;105;104;114;106;106;106;108;106;105;
105;112;106;108;106;110;106;108;105;106;105;104;104;112;107;111;105;105;106;106;
108;112;106;106;107;108;106;108;105;111;118;105;112;105;107;106;106;106;106;106;
108;107;120;106;107;107;106;105;106;106;107;117;106;114;108;108;105;107;107;108;
105;109;106;105;107;107;105;105;106;105;105;110;106;111;106;109;107;106;105;106;
111;116;120;111;107;112;105;105;105;106;109;109;115;104;106;105;105;110;105;106;
121;110;110;111;106;105;105;107;105;105;110;105;110;111;106;108;105;108;108;106;
106;106;109;104;107;106;114;111;106;105;106;107;109;105;107;106;106;106;106;105;
106;105;106;105;106;106;107;107;106;106;106;105;105;106;106;105;106;105;106;106;
106;115;107;107;107;106;106;105;106;105;116;106;106;108;108;108;106;106;106;105;
105;111;106;106;106;106;106;106;106;106;105;104;110;113;106;107;106;105;106;106;
105;109;106;110;107;111;106;106;106;106;106;114;112;105;107;106;106;106;106;106;
106;108;112;106;106;106;106;106;106;106;106;106;106;106;105;106;106;106;105;115;
112;108;105;106;104;106;106;106;107;106;106;105;106;106;107;106;105;105;106;107;
106;105;107;112;106;106;106;105;105;105;106;105;106;107;105;105;105;106;108;105;
105;105;105;106;105;107;106;106;107;106;106;105;105;108;106;105;105;105;105;108;
106;105;106;111;107;105;108;105;106;105;106;105;104;105;105;105;105;105;105;108;
104;103;103;105;105;106;106;105;106;110;110;105;105;112;106;107;106;106;106;105;
105;105;105;105;105;105;105;105;105;106;106;104;105;105;106;109;105;105;106;105;
111;107;105;105;106;105;106;106;105;105;105;104;107;109;107;107;106;110;107;106;
113;119;105;122;106;105;106;105;106;105;106;105;110;106;105;109;105;106;116;105;
106;110;108;105;107;106;108;107;108;112;116;108;111;105;105;108;106;110;107;105;
106;105;112;105;108;106;107;106;105;108;105;104;110;107;106;107;106;109;106;106;
105;105;106;105;108;105;106;105;105;106;105;114;106;111;106;106;105;115;106;106;
105;112;106;110;105;106;107;106;109;106;106;107;106;107;106;106;106;108;108;106;
110;111;108;104;105;106;105;107;106;109;106;106;117;112;105;106;105;110;107;110;
107;106;112;105;106;105;106;105;105;107;106;108;104;110;109;108;106;106;108;105;
106;105;106;104;105;107;108;105;106;105;105;113;105;110;106;106;109;107;106;106;
106;107;106;109;107;105;106;110;108;107;106;105;110;106;112;106;107;109;106;105;
106;105;107;106;106;105;106;106;105;105;105;104;110;113;108;107;106;104;104;106;
105;116;105;106;106;108;105;106;107;110;106;104;107;105;106;106;106;106;106;106;
106;106;106;106;111;114;107;106;106;106;106;105;107;105;110;106;105;107;106;106;
105;109;106;106;107;106;106;105;106;106;108;109;105;113;108;107;105;105;105;105;
108;107;116;106;107;107;105;105;105;106;106;104;107;105;107;107;105;106;106;106;
106;106;108;108;106;106;105;106;105;105;109;109;109;109;107;107;105;106;107;106;
107;110;111;105;107;110;106;106;107;107;106;106;105;105;106;105;105;105;106;107;
106;108;107;112;105;104;106;106;108;106;105;106;106;106;107;105;109;105;106;106;
106;107;107;109;107;112;106;114;105;106;105;112;112;105;108;107;106;105;106;105;
105;107;107;105;112;112;106;109;106;105;106;106;109;106;112;112;106;106;106;106;
105;107;114;106;105;107;106;106;106;106;106;112;106;109;108;107;106;105;106;105;
106;107;108;105;106;106;105;107;108;105;106;106;106;105;108;108;106;106;106;107;
106;108;109;107;108;108;105;106;106;106;106;106;107;106;106;106;106;106;107;106;
106;106;106;106;106;110;110;107;107;106;107;107;110;105;108;112;105;109;106;106;
108;106;105;111;106;107;107;106;106;104;106;107;105;106;107;106;106;106;106;105;
105;105;104;105;106;106;110;107;107;106;105;106;107;111;106;105;106;107;109;105;
107;105;111;106;106;105;106;105;106;105;105;107;109;111;106;107;106;106;106;105;
106;105;109;105;105;105;106;106;106;109;106;105;106;109;107;105;105;108;106;105;
106;106;104;105;108;106;106;105;105;105;106;106;106;106;105;109;106;105;104;105;
107;113;110;107;106;110;106;106;105;108;108;109;114;105;106;110;105;106;106;106;
106;105;109;111;107;107;106;109;111;106;107;106;110;105;107;106;105;106;105;105;
110;107;111;113;107;107;105;107;106;106;106;106;110;106;107;107;110;106;108;106;
107;106;110;113;106;110;106;106;105;106;106;106;106;110;106;110;106;105;106;105;
106;105;105;106;107;107;106;105;105;106;106;107;114;109;107;107;105;108;107;107;
105;107;108;107;107;107;106;106;105;107;111;106;111;105;106;107;109;106;106;106;
106;106;110;107;107;106;106;106;105;106;106;110;111;108;106;108;105;105;106;104;
106;106;109;111;106;106;106;106;105;106;106;110;107;110;108;105;107;107;107;105;
105;106;105;105;106;105;108;106;107;106;106;108;111;106;106;110;105;109;105;105;
106;108;111;104;106;112;105;105;105;106;106;106;112;111;106;105;108;105;106;106;
106;107;108;106;107;106;105;105;107;106;106;107;107;106;106;110;104;106;106;106;
106;107;107;106;104;106;105;106;106;106;112;108;107;105;106;108;107;106;106;106;
106;106;110;107;105;107;106;107;106;106;106;106;105;105;106;105;106;105;107;105;
106;106;109;107;106;106;106;106;106;106;106;109;107;106;106;116;107;107;106;106;
106;108;108;107;108;113;106;106;107;106;107;106;105;107;105;106;104;111;106;106;
106;106;105;110;106;104;107;105;105;105;106;106;111;105;107;105;111;105;106;106;
106;106;106;106;106;106;106;105;105;104;105;107;110;105;106;105;105;108;106;105;
106;107;115;110;108;109;108;106;106;109;105;106;107;106;108;112;105;107;107;107;
107;107;110;107;107;106;107;105;108;106;107;107;106;111;106;106;107;106;106;106;
105;106;108;105;106;105;106;106;106;105;106;111;106;112;108;106;108;105;105;106;
106;106;110;105;106;107;109;105;105;106;107;110;114;106;106;107;106;113;106;105;
106;108;107;112;106;107;106;105;109;106;106;108;109;107;106;106;105;106;106;105;
106;107;108;106;107;106;106;106;105;107;107;108;107;110;106;105;108;105;106;105;
106;107;107;115;110;108;109;106;106;106;106;107;107;109;107;107;107;106;106;106;
106;107;109;115;107;106;107;105;105;105;105;105;107;107;107;107;107;105;106;106;
106;106;106;112;107;112;107;104;106;106;107;107;109;105;107;107;108;104;105;105;
105;110;111;104;105;106;107;105;106;106;107;106;114;105;107;109;107;105;105;105;
105;113;106;106;110;106;113;108;104;106;106;107;110;111;109;110;105;106;105;106;
108;108;108;105;109;113;109;105;106;106;109;107;112;105;109;110;107;106;106;106;
106;110;113;112;107;108;109;108;107;106;106;106;105;109;106;106;107;106;107;107;
106;113;105;107;106;106;110;106;105;112;106;108;108;105;108;108;107;108;106;109;
107;106;109;107;106;106;105;108;105;107;106;111;112;106;107;107;108;105;106;106;
106;109;113;106;107;107;107;106;105;106;109;111;114;106;106;106;106;107;106;106;
106;106;110;105;112;112;112;106;107;106;107;106;110;107;109;113;108;106;105;105;
105;108;111;106;106;109;105;106;105;105;106;105;109;106;108;106;105;105;105;104;
106;110;106;105;106;105;105;108;106;105;107;109;109;106;109;108;105;110;106;105;
106;106;108;106;109;113;110;108;105;107;106;106;107;111;108;107;105;105;105;106;
105;111;108;105;107;107;109;105;104;105;106;109;112;111;107;107;105;104;104;106;
107;106;108;107;108;108;106;105;104;106;106;112;109;112;107;110;105;107;106;106;
106;109;110;111;107;109;106;111;105;106;106;109;106;113;106;108;104;106;105;106;
106;107;106;110;108;106;109;109;105;106;107;108;109;110;106;105;105;107;113;105;
107;107;108;106;105;105;111;105;105;108;106;106;110;107;106;105;108;106;106;106;
106;105;110;107;105;110;106;105;105;106;106;109;107;107;106;107;105;105;106;107;
107;107;111;106;107;110;111;106;105;105;109;108;106;107;110;108;106;106;105;106;
106;106;108;109;108;108;106;106;105;105;105;106;105;106;107;107;105;107;106;110;
109;107;106;106;107;116;108;105;106;105;106;107;105;107;106;133;108;115;106;105;
106;109;107;107;107;105;107;108;105;107;105;108;107;105;107;106;105;106;106;105;
105;106;106;106;106;120;111;106;105;106;105;106;110;112;110;106;113;106;106;104;
105;107;110;107;107;106;107;111;106;110;106;106;105;109;124;106;106;113;105;106;
109;107;104;106;105;107;107;107;105;106;106;106;107;105;110;106;111;110;107;106;
106;106;105;113;111;116;106;115;109;106;106;108;107;106;105;108;108;114;106;105;
107;105;107;106;106;107;106;105;105;104;105;108;111;107;106;105;111;108;105;105;
105;106;111;107;107;117;105;105;105;108;106;108;109;110;111;114;105;116;106;106;
105;106;107;110;106;111;106;111;106;115;107;107;108;111;106;106;106;108;105;105;
106;105;105;106;106;116;105;105;105;105;108;105;105;109;105;121;107;106;105;105;
107;105;109;107;115;115;105;115;104;106;105;109;112;105;106;114;106;118;105;106;
106;105;105;105;107;107;106;105;106;106;106;108;106;107;106;110;105;105;105;106;
106;109;114;106;106;113;105;112;104;105;106;107;106;106;116;113;106;109;105;105;
106;106;110;105;106;104;110;110;104;112;106;107;106;107;105;110;115;116;106;107;
107;106;110;107;106;107;111;110;109;111;106;106;109;108;114;106;106;110;105;106;
107;107;108;106;108;112;105;108;106;110;105;106;106;105;108;112;115;111;106;107;
106;107;111;107;106;107;113;112;105;105;106;106;106;106;105;110;109;117;105;106;
106;105;108;105;106;105;107;105;110;105;105;107;110;107;106;105;107;106;105;111;
105;108;115;106;107;106;107;105;107;105;105;107;110;109;106;105;107;105;108;106;
105;107;110;109;106;104;106;115;105;104;107;106;105;104;106;104;107;109;108;106;
105;108;108;105;106;105;106;110;113;106;106;108;109;107;106;105;105;105;109;105;
107;105;109;106;107;115;109;108;107;115;106;107;110;106;106;107;107;105;106;106;
106;108;110;107;106;107;111;105;1